SMILES,Valid,QED,MW,logP,RotB,TPSA,HBD,HBA,Adherence,Weight,Model,Prompt,Temperature,TopP
CCCCCCCOC,True,0.5020748997224442,130.231,2.603200000000001,6,9.23,0,1,True,1.0,GPT2-Zinc-87M+SMC,lipinski,1.0,0.9
CCCCCCCCCCCC,True,0.4304643040524984,170.33999999999997,4.9272000000000045,9,0.0,0,0,True,0.6666666666666666,GPT2-Zinc-87M+SMC,lipinski,1.0,0.9
CCCCCCCCCCCCOCCOC,True,0.4166804527606589,244.41899999999993,4.570300000000004,14,18.46,0,2,True,0.3333333333333333,GPT2-Zinc-87M+SMC,lipinski,1.0,0.9
CCOSOCCNCCCNSCCCSCNCCCNCCOC,True,0.07695313893876858,444.7330000000003,2.1167000000000007,24,75.81,4,10,True,0.7499999999999999,GPT2-Zinc-87M+SMC,lipinski,1.0,0.9
CCCCCCCCCCCCCCCCCCCCCCCCCCCNCCOC,True,0.1137031592635383,453.8400000000004,9.994799999999998,29,21.259999999999998,1,2,False,0.25,GPT2-Zinc-87M+SMC,lipinski,1.0,0.9
CC,True,0.3727855551576051,30.07,1.0262,0,0.0,0,0,True,0.33436798283138885,GPT2-Zinc-87M+SMC,lipinski,1.0,0.9
CCCNCCCN,True,0.5080867372845668,116.20800000000001,0.3347999999999999,5,38.05,2,2,True,0.33326724187058604,GPT2-Zinc-87M+SMC,lipinski,1.0,0.9
COS,True,0.3181490081398001,64.109,0.4776000000000001,0,9.23,1,2,True,0.33236477529802494,GPT2-Zinc-87M+SMC,lipinski,1.0,0.9
CCCCCCCC,True,0.48061060527513716,114.232,3.3668000000000022,5,0.0,0,0,True,1.0,GPT2-Zinc-87M+SMC,lipinski,1.0,0.9
CCCCCCCCCCCCCOCCCCNCCCCOS,True,0.13169321661716182,375.66300000000007,6.325400000000007,22,30.49,2,4,False,1.0,GPT2-Zinc-87M+SMC,lipinski,1.0,0.9
CCCCCCCCCCCCCNCCCCNCCOCCCNC,True,0.20716592837946837,385.68100000000015,4.882900000000004,24,45.32,3,4,True,1.0,GPT2-Zinc-87M+SMC,lipinski,1.0,0.9
CNCCCCCOC,True,0.5433854190028112,131.219,1.0225,6,21.259999999999998,1,2,True,0.5,GPT2-Zinc-87M+SMC,lipinski,1.0,0.9
CCCCCCCCCCCCPOC,True,0.33391014343252495,232.34799999999996,5.147200000000006,12,9.23,0,1,False,0.30000000000000004,GPT2-Zinc-87M+SMC,lipinski,1.0,0.9
CCCCCCCCOCCOCCCNC#CNCCOCCCOCNCCOCCOCCP,True,0.03970333994214907,549.7340000000005,2.7465000000000055,31,91.47000000000001,3,9,False,0.2,GPT2-Zinc-87M+SMC,lipinski,1.0,0.9
CNCCO,True,0.45002776683177453,75.11099999999999,-0.8019000000000001,2,32.26,2,2,True,1.0,GPT2-Zinc-87M+SMC,lipinski,1.0,0.9
COCO,True,0.4179983966500295,62.068000000000005,-0.41739999999999994,1,29.46,1,2,True,1.0,GPT2-Zinc-87M+SMC,lipinski,1.0,0.9
CCOCCNCCCN,True,0.49545985431754525,146.234,-0.03869999999999918,7,47.28,2,3,True,1.0,GPT2-Zinc-87M+SMC,lipinski,1.0,0.9
CCCCCCCCOCCOCCOCCOC,True,0.406042775876971,276.417,3.0431000000000017,16,36.92,0,4,True,1.0,GPT2-Zinc-87M+SMC,lipinski,1.0,0.9
CCOCC,True,0.4752681489358652,74.123,1.0428000000000002,2,9.23,0,1,True,1.0,GPT2-Zinc-87M+SMC,lipinski,1.0,0.9
COCCOCCNCCOCCOCCOCCOCCO,True,0.2815902387627192,339.4290000000001,-0.7022999999999955,20,87.64000000000001,2,8,True,1.0,GPT2-Zinc-87M+SMC,lipinski,1.0,0.9
Cl,True,0.36516432379389474,36.461000000000006,0.4218,0,0.0,0,0,True,0.5,GPT2-Zinc-87M+SMC,lipinski,1.0,0.9
CCCCCCCCCCCCCCCCCCNCSCCCCCCCCC,True,0.10041148299774448,441.85400000000027,10.278799999999995,27,12.03,1,2,False,1.0,GPT2-Zinc-87M+SMC,lipinski,1.0,0.9
CCCCCCCCCCCCCCCCCCCCCCCCBr,True,0.12137199189637952,417.5600000000001,9.983399999999994,22,0.0,0,0,False,9.630536179027184e-12,GPT2-Zinc-87M+SMC,lipinski,1.0,0.9
CCCCCO,True,0.513281356352027,88.14999999999999,1.1689,3,20.23,1,1,True,1.0,GPT2-Zinc-87M+SMC,lipinski,1.0,0.9
NCCCN,True,0.4545118096621342,74.127,-0.7060999999999997,2,52.04,2,2,True,1.0,GPT2-Zinc-87M+SMC,lipinski,1.0,0.9
CCCCCCCCCCCCCCCOCCSNCCC,True,0.1948533853154978,345.637,6.742000000000007,20,21.259999999999998,1,3,False,0.3335263627272632,GPT2-Zinc-87M+SMC,lipinski,1.0,0.9
CS,True,0.37947717275669157,48.11000000000001,0.546,0,0.0,1,1,True,0.33326191529612154,GPT2-Zinc-87M+SMC,lipinski,1.0,0.9
CCSS,True,0.38005125121495525,94.204,1.5843,1,0.0,1,2,True,0.3332117219766152,GPT2-Zinc-87M+SMC,lipinski,1.0,0.9
CCCCCCCCCCO,True,0.5380402798848124,158.285,3.119400000000002,8,20.23,1,1,True,1.0,GPT2-Zinc-87M+SMC,lipinski,1.0,0.9
CCCCCCCCCCOCCCOBOC,True,0.33234348901913097,258.21099999999996,3.463300000000002,15,27.69,0,3,True,1.0,GPT2-Zinc-87M+SMC,lipinski,1.0,0.9
CCCCNCCNC,True,0.5143378666667194,130.23499999999999,0.5955,6,24.06,2,2,True,0.5,GPT2-Zinc-87M+SMC,lipinski,1.0,0.9
CCOC,True,0.43150099805807374,60.096000000000004,0.6527000000000001,1,9.23,0,1,True,0.5555555555555556,GPT2-Zinc-87M+SMC,lipinski,1.0,0.9
BCNCSCCCCCCOC,True,0.3257253374301704,203.15999999999994,1.0640999999999998,10,21.259999999999998,1,3,True,0.4444444444444445,GPT2-Zinc-87M+SMC,lipinski,1.0,0.9
OBNCCCCCCCCCCCCCNCCCCCS,True,0.15424137224690435,344.41800000000006,3.815600000000002,20,44.29,4,4,True,1.0,GPT2-Zinc-87M+SMC,lipinski,1.0,0.9
CCN,True,0.4062370953898832,45.084999999999994,-0.03499999999999981,0,26.02,1,1,True,1.0,GPT2-Zinc-87M+SMC,lipinski,1.0,0.9
CCCSCC,True,0.49428390702591973,104.21799999999999,2.1494999999999997,3,0.0,0,1,True,0.625,GPT2-Zinc-87M+SMC,lipinski,1.0,0.9
CCCCCCCCCCCCCSCCN,True,0.44475932636987703,259.50299999999993,4.989300000000004,14,26.02,1,2,True,0.375,GPT2-Zinc-87M+SMC,lipinski,1.0,0.9
CCCCCCCCCCCCCCCCC,True,0.29031715960806453,240.4749999999999,6.877700000000007,14,0.0,0,0,False,1.0,GPT2-Zinc-87M+SMC,lipinski,1.0,0.9
CNO,True,0.36413108804130284,47.057,-0.40499999999999997,0,32.26,2,2,True,0.6,GPT2-Zinc-87M+SMC,lipinski,1.0,0.9
CCCNCCNCOCCOCCOCCOCCOP,True,0.20042530191419605,340.40100000000007,0.4062000000000015,19,70.21000000000001,2,7,True,0.39999999999999997,GPT2-Zinc-87M+SMC,lipinski,1.0,0.9
CCCNCCC,True,0.5276462374247944,101.193,1.396,4,12.03,1,1,True,0.25199491744377295,GPT2-Zinc-87M+SMC,lipinski,1.0,0.9
OCCOCCOCCO,True,0.4571376225737072,150.174,-0.9958000000000002,7,58.92,2,4,True,0.25051957865284813,GPT2-Zinc-87M+SMC,lipinski,1.0,0.9
CCCCCCCC=COCCCCC,True,0.3431230846071502,212.37699999999992,5.067400000000005,11,9.23,0,1,False,0.24887030445226804,GPT2-Zinc-87M+SMC,lipinski,1.0,0.9
CCCCCCCCCC,True,0.4684089279615184,142.286,4.147000000000004,7,0.0,0,0,True,0.24861519945111094,GPT2-Zinc-87M+SMC,lipinski,1.0,0.9
NCCCNN,True,0.23101115615913512,89.142,-1.201499999999999,3,64.07,3,3,True,1.0,GPT2-Zinc-87M+SMC,lipinski,1.0,0.9
CCNNCCCOC,True,0.39812032933973585,132.207,0.13699999999999957,6,33.29,2,3,True,1.0,GPT2-Zinc-87M+SMC,lipinski,1.0,0.9
CCOCCC(=O)OC,True,0.4144789829064114,132.159,0.5860000000000001,4,35.53,0,3,True,1.0,GPT2-Zinc-87M+SMC,lipinski,1.0,0.9
CCCCCCCNCCOCCOCC,True,0.4942456085243093,231.37999999999994,2.599500000000001,13,30.49,1,3,True,0.39999999999999997,GPT2-Zinc-87M+SMC,lipinski,1.0,0.9
CCCCCCC,True,0.4763098736533007,100.205,2.976700000000002,4,0.0,0,0,True,0.3,GPT2-Zinc-87M+SMC,lipinski,1.0,0.9
COCCOCCCCCCCCO,True,0.5230008697561495,204.30999999999995,1.9823,11,38.69,1,3,True,1.0,GPT2-Zinc-87M+SMC,lipinski,1.0,0.9
CP,True,0.3493208255888318,48.025,0.4912999999999999,0,0.0,0,0,True,1.0,GPT2-Zinc-87M+SMC,lipinski,1.0,0.9
CCCCCCCCCCCCCCCCCCCCCCCCOCCOCCOCCOCCO,True,0.0843592190385746,530.8750000000006,8.647200000000003,34,57.150000000000006,1,5,False,1.0,GPT2-Zinc-87M+SMC,lipinski,1.0,0.9
OCO,True,0.3419937935086325,48.041000000000004,-1.0715000000000001,0,40.46,2,2,True,1.0,GPT2-Zinc-87M+SMC,lipinski,1.0,0.9
CCOCO,True,0.46796388626627083,76.095,-0.027299999999999935,2,29.46,1,2,True,1.0,GPT2-Zinc-87M+SMC,lipinski,1.0,0.9
NCCS,True,0.4190213910899089,77.15199999999999,-0.12509999999999988,1,26.02,2,2,True,1.0,GPT2-Zinc-87M+SMC,lipinski,1.0,0.9
CCCCCCCCCCCCCCCCCCCOCCCOC,True,0.18504074431863587,356.6350000000001,7.6911000000000085,22,18.46,0,2,False,1.0,GPT2-Zinc-87M+SMC,lipinski,1.0,0.9
CCSCCO,True,0.5351891500443604,106.19,0.7318,3,20.23,1,2,True,1.0,GPT2-Zinc-87M+SMC,lipinski,1.0,0.9
COCOCOCOCCCN,True,0.39546417361725533,179.21599999999995,-0.09609999999999885,9,62.94,1,5,True,0.5,GPT2-Zinc-87M+SMC,lipinski,1.0,0.9
CCCCCCCCCCP,True,0.3851464360589008,174.26799999999997,4.002200000000005,8,0.0,0,0,True,0.5,GPT2-Zinc-87M+SMC,lipinski,1.0,0.9
C,True,0.3597849378839701,16.043,0.6361,0,0.0,0,0,True,1.0,GPT2-Zinc-87M+SMC,lipinski,1.0,0.9
CCOCCNCCCCCCCCOCOC,True,0.36318620071893926,261.40599999999995,2.5736000000000008,15,39.72,1,4,True,1.0,GPT2-Zinc-87M+SMC,lipinski,1.0,0.9
CNCCOCCOCOCCO,True,0.3514069455421048,193.24299999999997,-0.7945999999999995,10,59.95,2,5,True,0.39999999999999997,GPT2-Zinc-87M+SMC,lipinski,1.0,0.9
NP,True,0.3752657687044347,49.013,-0.2647999999999999,0,26.02,1,1,True,0.625,GPT2-Zinc-87M+SMC,lipinski,0.7,0.9
CCCCCCCCCCCCCCCCCCCCCCCCCCCCCCCCCC,True,0.08685376577555898,478.93400000000054,13.509399999999973,31,0.0,0,0,False,0.375,GPT2-Zinc-87M+SMC,lipinski,0.7,0.9
CCCCCCCCCCCCCCCCCCCCCCCCCCCCCCCCCCCCCCCCCCCC,True,0.05978763851624037,619.2040000000002,17.410399999999967,41,0.0,0,0,False,1.0,GPT2-Zinc-87M+SMC,lipinski,0.7,0.9
CCCCCCCCCCCCSOC,True,0.33762174950151924,232.43299999999996,5.2019000000000055,12,9.23,0,2,False,0.7,GPT2-Zinc-87M+SMC,lipinski,0.7,0.9
OCO,True,0.3419937935086325,48.041000000000004,-1.0715000000000001,0,40.46,2,2,True,0.30000000000000004,GPT2-Zinc-87M+SMC,lipinski,0.7,0.9
CCOCCOC,True,0.48790282537301655,104.149,0.6693,4,18.46,0,2,True,1.0,GPT2-Zinc-87M+SMC,lipinski,0.7,0.9
P,True,0.3320229224096877,33.998,0.05809999999999993,0,0.0,0,0,True,0.5,GPT2-Zinc-87M+SMC,lipinski,0.7,0.9
CCCCCCCCCCCCCCCC,True,0.3149047241460033,226.44799999999992,6.487600000000007,13,0.0,0,0,False,0.5,GPT2-Zinc-87M+SMC,lipinski,0.7,0.9
CCCCCCCC,True,0.48061060527513716,114.232,3.3668000000000022,5,0.0,0,0,True,0.2,GPT2-Zinc-87M+SMC,lipinski,0.7,0.9
NO,True,0.3484044488507222,33.03,-0.6657000000000002,0,46.25,2,2,True,1.0,GPT2-Zinc-87M+SMC,lipinski,0.7,0.9
COCCOCCOCCOCCN,True,0.46879002042550344,207.26999999999995,-0.3586999999999975,11,62.94,1,5,True,0.5,GPT2-Zinc-87M+SMC,lipinski,0.7,0.9
NPOPP,True,0.5606543051801393,128.976,0.8537999999999997,2,35.25,1,2,True,0.5,GPT2-Zinc-87M+SMC,lipinski,0.7,0.9
CCCCCCCCCCCCP,True,0.3529873934128288,202.32199999999995,4.782400000000006,10,0.0,0,0,True,1.0,GPT2-Zinc-87M+SMC,lipinski,0.7,0.9
CCCCCCCCCCCCCCCCCCCC(O)CCCCCCCCCCCC,True,0.10860767334857836,466.8790000000004,11.699999999999983,29,20.23,1,1,False,1.0,GPT2-Zinc-87M+SMC,lipinski,0.7,0.9
CCCCCCCCCCCCCC,True,0.3731035838174365,198.39399999999995,5.707400000000006,11,0.0,0,0,False,0.5,GPT2-Zinc-87M+SMC,lipinski,0.7,0.9
CCCCCCCCCCCCSCCNN,True,0.28040246866375496,260.491,4.103800000000002,14,38.05,2,3,True,0.5,GPT2-Zinc-87M+SMC,lipinski,0.7,0.9
CCCCCCCCCCCCCCCCCCC,True,0.2520053119130528,268.5289999999999,7.657900000000008,16,0.0,0,0,False,1.0,GPT2-Zinc-87M+SMC,lipinski,0.7,0.9
CCCCCCCCCCCC,True,0.4304643040524984,170.33999999999997,4.9272000000000045,9,0.0,0,0,True,1.0,GPT2-Zinc-87M+SMC,lipinski,0.7,0.9
OCCCCCOP,True,0.45017949142736685,136.131,0.9556999999999998,5,29.46,1,2,True,0.5714285714285714,GPT2-Zinc-87M+SMC,lipinski,0.7,0.9
CCCCCCCCCCCCCPNP,True,0.35234739589685976,263.346,5.270600000000007,13,12.03,1,1,False,0.42857142857142855,GPT2-Zinc-87M+SMC,lipinski,0.7,0.9
CCCCCCCCCC,True,0.4684089279615184,142.286,4.147000000000004,7,0.0,0,0,True,0.2502726416817539,GPT2-Zinc-87M+SMC,lipinski,0.7,0.9
CCOC,True,0.43150099805807374,60.096000000000004,0.6527000000000001,1,9.23,0,1,True,0.2494044242643433,GPT2-Zinc-87M+SMC,lipinski,0.7,0.9
CCCCCCC,True,0.4763098736533007,100.205,2.976700000000002,4,0.0,0,0,True,0.5,GPT2-Zinc-87M+SMC,lipinski,0.7,0.9
CCCCCCCCC,True,0.4777243799437154,128.259,3.7569000000000026,6,0.0,0,0,True,1.0,GPT2-Zinc-87M+SMC,lipinski,0.7,0.9
CCCCC,True,0.4687855098011332,72.151,2.1965000000000003,2,0.0,0,0,True,0.7999999999999999,GPT2-Zinc-87M+SMC,lipinski,0.7,0.9
CCCCCCCCCCCCCCCCCCCCCCCCCCCCCCCCCCCCCCCCCCCCCCCCCCCCC,True,0.05442192318088044,745.4469999999995,20.9213,50,0.0,0,0,False,0.19999999999999998,GPT2-Zinc-87M+SMC,lipinski,0.7,0.9
CCCC,True,0.4310243576713092,58.123999999999995,1.8064,1,0.0,0,0,True,0.6000000000000001,GPT2-Zinc-87M+SMC,lipinski,0.7,0.9
CCCCOC,True,0.474106795831282,88.14999999999999,1.4329,3,9.23,0,1,True,0.4,GPT2-Zinc-87M+SMC,lipinski,0.7,0.9
CCCCCCCCCCCCCNCCCO,True,0.429415665796756,257.46199999999993,4.269400000000004,15,32.26,2,2,True,0.5,GPT2-Zinc-87M+SMC,lipinski,0.7,0.9
SCCS,True,0.4420637180486021,94.204,0.8459999999999999,1,0.0,2,2,True,0.7000000000000001,GPT2-Zinc-87M+SMC,lipinski,0.7,0.9
CCCCCCSC,True,0.51821986888747,132.272,2.9297000000000013,5,0.0,0,1,True,0.3,GPT2-Zinc-87M+SMC,lipinski,0.7,0.9
CCCCCCCCCC=COS,True,0.25051598991190416,202.36300000000003,4.502200000000005,9,9.23,1,2,True,1.0,GPT2-Zinc-87M+SMC,lipinski,0.7,0.9
CCCCCCCCCCCCCCCCCCNCCCF,True,0.232866955718114,329.58799999999997,7.197100000000008,20,12.03,1,1,False,1.0,GPT2-Zinc-87M+SMC,lipinski,0.7,0.9
CCOCCS,True,0.41612490460451074,106.19000000000001,0.9526999999999999,3,9.23,1,2,True,0.6,GPT2-Zinc-87M+SMC,lipinski,0.7,0.9
CCOCCONC,True,0.41324418508953836,119.164,0.1739,5,30.490000000000002,1,3,True,0.4,GPT2-Zinc-87M+SMC,lipinski,0.7,0.9
COS,True,0.3181490081398001,64.109,0.4776000000000001,0,9.23,1,2,True,1.0,GPT2-Zinc-87M+SMC,lipinski,0.7,0.9
B,True,0.28793822605730385,13.835999999999999,-1.1839000000000002,0,0.0,0,0,True,1.0,GPT2-Zinc-87M+SMC,lipinski,0.7,0.9
CCCCCSCNO,True,0.3432310012831682,149.25900000000001,1.8461,6,32.26,2,3,True,0.22222222222222224,GPT2-Zinc-87M+SMC,lipinski,0.7,0.9
CCCCCC=CCCCCCCCCCCCOCCOCCOCCOCCO,True,0.12281822853054292,444.6970000000003,6.0826000000000064,27,57.150000000000006,1,5,False,0.4444444444444445,GPT2-Zinc-87M+SMC,lipinski,0.7,0.9
CCCCCCCCCCCCCCCCC,True,0.29031715960806453,240.4749999999999,6.877700000000007,14,0.0,0,0,False,0.1434751325388538,GPT2-Zinc-87M+SMC,lipinski,0.7,0.9
COCCOCCOCCOCCO,True,0.47134007714866366,208.25399999999996,-0.32509999999999944,11,57.150000000000006,1,5,True,1.0,GPT2-Zinc-87M+SMC,lipinski,0.7,0.9
C,True,0.3597849378839701,16.043,0.6361,0,0.0,0,0,True,0.5,GPT2-Zinc-87M+SMC,lipinski,0.7,0.9
CCCCCCCCCNCCNCCC,True,0.47254376232255896,228.42399999999998,3.326200000000002,13,24.06,2,2,True,0.5,GPT2-Zinc-87M+SMC,lipinski,0.7,0.9
CP,True,0.3493208255888318,48.025,0.4912999999999999,0,0.0,0,0,True,0.42857142857142855,GPT2-Zinc-87M+SMC,lipinski,0.7,0.9
CCCCCCCCCCCCCCCCNCSCOCCCSCC,True,0.12680200684736873,419.7850000000002,7.865300000000009,24,21.259999999999998,1,4,False,0.4,GPT2-Zinc-87M+SMC,lipinski,0.7,0.9
CCCCCCCCBCCCCCCCC,True,0.25772245470945343,238.26799999999992,5.980500000000006,14,0.0,0,0,False,1.0,GPT2-Zinc-87M+SMC,lipinski,0.7,0.9
BCCCCCCCC,True,0.3783029353974867,126.052,2.3983000000000008,6,0.0,0,0,True,0.4,GPT2-Zinc-87M+SMC,lipinski,0.7,0.9
CCCCCCCCCCCCCCCCCC,True,0.2695410264515143,254.5019999999999,7.267800000000007,15,0.0,0,0,False,0.3,GPT2-Zinc-87M+SMC,lipinski,0.7,0.9
COCN,True,0.4165966858412166,61.083999999999996,-0.4509999999999998,1,35.25,1,2,True,0.3,GPT2-Zinc-87M+SMC,lipinski,0.7,0.9
CCCF,True,0.429990770687244,62.08699999999999,1.3659,1,0.0,0,0,True,0.7142857142857143,GPT2-Zinc-87M+SMC,lipinski,0.7,0.9
CCOCO,True,0.46796388626627083,76.095,-0.027299999999999935,2,29.46,1,2,True,0.2857142857142857,GPT2-Zinc-87M+SMC,lipinski,0.7,0.9
CCOCC,True,0.4752681489358652,74.123,1.0428000000000002,2,9.23,0,1,True,0.5555555555555555,GPT2-Zinc-87M+SMC,lipinski,0.7,0.9
OCCOCCOCCOCCO,True,0.43749139944601423,194.22699999999998,-0.979199999999999,10,68.15,2,5,True,0.4444444444444444,GPT2-Zinc-87M+SMC,lipinski,0.7,0.9
COCCOC,True,0.46326111640766837,90.122,0.2792,3,18.46,0,2,True,1.0,GPT2-Zinc-87M+SMC,lipinski,0.7,0.9
CCCOCCC,True,0.4918698876466746,102.17699999999999,1.823,4,9.23,0,1,True,1.0,GPT2-Zinc-87M+SMC,lipinski,0.7,0.9
CCCCCCCCCCCCCCCCCCCC,True,0.23665843587143434,282.5559999999999,8.048000000000007,17,0.0,0,0,False,1.0,GPT2-Zinc-87M+SMC,lipinski,0.7,0.9
CCCSCC,True,0.49428390702591973,104.21799999999999,2.1494999999999997,3,0.0,0,1,True,1.0,GPT2-Zinc-87M+SMC,lipinski,0.7,0.9
OCOCP,True,0.37852882306638497,94.05,-0.21460000000000007,2,29.46,1,2,True,0.625,GPT2-Zinc-87M+SMC,lipinski,0.7,0.9
CCCCCCCCCCCCCCCCCCCCCCCC,True,0.1826494365002578,338.6640000000001,9.608399999999998,21,0.0,0,0,False,0.37499999999999994,GPT2-Zinc-87M+SMC,lipinski,0.7,0.9
O,True,0.3277476769246249,18.015,-0.8247,0,31.5,0,0,True,0.6,GPT2-Zinc-87M+SMC,lipinski,0.7,0.9
CO[SH]=NP,True,0.38206689051236004,111.10600000000001,0.33639999999999987,1,21.59,1,2,True,1.0,GPT2-Zinc-87M+SMC,lipinski,0.7,0.9
CCCCCCCCCCCCCCCCCCPN,True,0.23187591243831873,301.4989999999999,6.800100000000008,17,26.02,1,1,False,1.0,GPT2-Zinc-87M+SMC,lipinski,0.7,0.9
BOC,True,0.32266378230861453,43.861999999999995,-0.8191000000000002,0,9.23,0,1,True,1.0,GPT2-Zinc-87M+SMC,lipinski,0.7,0.9
CCCCCC,True,0.4629542813199688,86.178,2.5866000000000007,3,0.0,0,0,True,0.5714285714285714,GPT2-Zinc-87M+SMC,lipinski,0.7,0.9
COB(O)O,True,0.37745878605239724,75.86,-1.3977000000000002,1,49.69,2,3,True,0.42857142857142855,GPT2-Zinc-87M+SMC,lipinski,0.7,0.9
OCO,True,0.3419937935086325,48.041000000000004,-1.0715000000000001,0,40.46,2,2,False,1.0,GPT2-Zinc-87M+SMC,mw_logp_rotb,1.0,0.9
CCCCCCCCCCCCCCCC,True,0.3149047241460033,226.44799999999992,6.487600000000007,13,0.0,0,0,False,0.5,GPT2-Zinc-87M+SMC,mw_logp_rotb,1.0,0.9
COCCOC,True,0.46326111640766837,90.122,0.2792,3,18.46,0,2,False,0.5,GPT2-Zinc-87M+SMC,mw_logp_rotb,1.0,0.9
BOCOC,True,0.31360052401353194,73.88799999999999,-0.8450000000000002,2,18.46,0,2,False,1.0,GPT2-Zinc-87M+SMC,mw_logp_rotb,1.0,0.9
CCCCCOBCCCCCCCCCCCCCCCOCCNCCCCCCCCCCOCCOCC,True,0.056455287900734404,597.8190000000003,9.8144,39,48.95,1,5,False,1.0,GPT2-Zinc-87M+SMC,mw_logp_rotb,1.0,0.9
COCCOCCOCCO,True,0.49843640408528683,164.201,-0.34170000000000006,8,47.92,1,4,False,0.5,GPT2-Zinc-87M+SMC,mw_logp_rotb,1.0,0.9
CCCCCCC,True,0.4763098736533007,100.205,2.976700000000002,4,0.0,0,0,False,0.3,GPT2-Zinc-87M+SMC,mw_logp_rotb,1.0,0.9
CO,True,0.38528440447384316,32.042,-0.3915,0,20.23,1,1,False,0.19999999999999998,GPT2-Zinc-87M+SMC,mw_logp_rotb,1.0,0.9
CCCCCCCCCC,True,0.4684089279615184,142.286,4.147000000000004,7,0.0,0,0,False,0.39999999999999997,GPT2-Zinc-87M+SMC,mw_logp_rotb,1.0,0.9
CCOCCNCCCCCCNC,True,0.4968021081713602,202.34199999999998,1.3922999999999999,11,33.29,2,3,False,0.39999999999999997,GPT2-Zinc-87M+SMC,mw_logp_rotb,1.0,0.9
CCCCCCCCCOC,True,0.491968362750448,158.285,3.3834000000000026,8,9.23,0,1,False,0.19999999999999998,GPT2-Zinc-87M+SMC,mw_logp_rotb,1.0,0.9
COCCCNCCN,True,0.48209932104784986,132.207,-0.4287999999999989,6,47.28,2,3,False,0.39999999999999997,GPT2-Zinc-87M+SMC,mw_logp_rotb,1.0,0.9
COCCOCCOCCCNCCCCN,True,0.4352216387746245,248.36699999999993,0.38460000000000194,14,65.74,2,5,False,0.39999999999999997,GPT2-Zinc-87M+SMC,mw_logp_rotb,1.0,0.9
CCCCCOC,True,0.4918698876466746,102.17699999999999,1.823,4,9.23,0,1,False,0.19999999999999998,GPT2-Zinc-87M+SMC,mw_logp_rotb,1.0,0.9
BOCOCCCCCCCCCCCCCCCCNOCCCNCCCCCCN,True,0.05919412638192766,471.5800000000004,5.006600000000004,30,77.77,3,6,False,0.6,GPT2-Zinc-87M+SMC,mw_logp_rotb,1.0,0.9
CCCCCCCCCCCCCCCCCCCNCCOCC,True,0.20621562569386803,355.65100000000007,7.264100000000008,22,21.259999999999998,1,2,False,0.30000000000000004,GPT2-Zinc-87M+SMC,mw_logp_rotb,1.0,0.9
CCCCCCCCCCCCCCCCC,True,0.29031715960806453,240.4749999999999,6.877700000000007,14,0.0,0,0,False,0.1,GPT2-Zinc-87M+SMC,mw_logp_rotb,1.0,0.9
CNCCCOC,True,0.5146123964018527,103.16499999999999,0.24229999999999996,4,21.259999999999998,1,2,False,1.0,GPT2-Zinc-87M+SMC,mw_logp_rotb,1.0,0.9
CCCCNCCCC,True,0.5419214669824942,129.24699999999999,2.1761999999999997,6,12.03,1,1,False,0.6,GPT2-Zinc-87M+SMC,mw_logp_rotb,1.0,0.9
O,True,0.3277476769246249,18.015,-0.8247,0,31.5,0,0,False,0.4,GPT2-Zinc-87M+SMC,mw_logp_rotb,1.0,0.9
CCCPCCCNOCCOCCOCCOCCSCCCCCCN,True,0.12816359998673016,440.63100000000037,3.2883000000000004,25,74.97,2,7,False,1.0,GPT2-Zinc-87M+SMC,mw_logp_rotb,1.0,0.9
CCCOCC,True,0.474106795831282,88.14999999999999,1.4329,3,9.23,0,1,False,1.0,GPT2-Zinc-87M+SMC,mw_logp_rotb,1.0,0.9
CCCCNCCOCCPN,True,0.4220596313713696,192.24299999999997,0.9448999999999999,9,47.28,2,3,False,1.0,GPT2-Zinc-87M+SMC,mw_logp_rotb,1.0,0.9
OCONCCP,True,0.22535701286543017,123.09200000000001,-0.6675000000000001,4,41.49,2,3,False,0.6,GPT2-Zinc-87M+SMC,mw_logp_rotb,1.0,0.9
COS,True,0.3181490081398001,64.109,0.4776000000000001,0,9.23,1,2,False,0.30000000000000004,GPT2-Zinc-87M+SMC,mw_logp_rotb,1.0,0.9
NO,True,0.3484044488507222,33.03,-0.6657000000000002,0,46.25,2,2,False,0.1,GPT2-Zinc-87M+SMC,mw_logp_rotb,1.0,0.9
CCCCCCCCCPBCOCCNN,True,0.16539673707942185,260.171,2.2043999999999997,14,47.28,2,3,False,1.0,GPT2-Zinc-87M+SMC,mw_logp_rotb,1.0,0.9
CCCCCCCC,True,0.48061060527513716,114.232,3.3668000000000022,5,0.0,0,0,False,1.0,GPT2-Zinc-87M+SMC,mw_logp_rotb,1.0,0.9
CCNCCN,True,0.4586780147968549,88.15400000000001,-0.4454000000000002,3,38.05,2,2,False,0.6666666666666666,GPT2-Zinc-87M+SMC,mw_logp_rotb,1.0,0.9
CCCCCC,True,0.4629542813199688,86.178,2.5866000000000007,3,0.0,0,0,False,0.3333333333333333,GPT2-Zinc-87M+SMC,mw_logp_rotb,1.0,0.9
CCOCCCNCCCCCCCCCCCCOC,True,0.3767327176069116,301.515,4.550000000000004,18,30.49,1,3,False,0.7142857142857143,GPT2-Zinc-87M+SMC,mw_logp_rotb,1.0,0.9
COCO,True,0.4179983966500295,62.068000000000005,-0.41739999999999994,1,29.46,1,2,False,0.28571428571428575,GPT2-Zinc-87M+SMC,mw_logp_rotb,1.0,0.9
CCCCOCCNC,True,0.5433854190028112,131.219,1.0225,6,21.259999999999998,1,2,False,0.6,GPT2-Zinc-87M+SMC,mw_logp_rotb,1.0,0.9
CCCCCCCCC,True,0.4777243799437154,128.259,3.7569000000000026,6,0.0,0,0,False,0.19999999999999998,GPT2-Zinc-87M+SMC,mw_logp_rotb,1.0,0.9
B,True,0.28793822605730385,13.835999999999999,-1.1839000000000002,0,0.0,0,0,False,0.19999999999999998,GPT2-Zinc-87M+SMC,mw_logp_rotb,1.0,0.9
CCCCCCCCCCCC,True,0.4304643040524984,170.33999999999997,4.9272000000000045,9,0.0,0,0,False,1.0,GPT2-Zinc-87M+SMC,mw_logp_rotb,1.0,0.9
COCCCCS,True,0.4349236195958021,120.217,1.3428,4,9.23,1,2,False,1.0,GPT2-Zinc-87M+SMC,mw_logp_rotb,1.0,0.9
SCCCS,True,0.4884510215903947,108.23100000000001,1.2361,2,0.0,2,2,False,1.0,GPT2-Zinc-87M+SMC,mw_logp_rotb,1.0,0.9
CCCCCCCNCCOOCOCCC,True,0.22166484964418473,247.37899999999993,2.878700000000001,14,39.72,1,4,False,0.2,GPT2-Zinc-87M+SMC,mw_logp_rotb,1.0,0.9
CCOCCCCCCNCOCCOCNCCOC,True,0.29444955898588016,306.4470000000001,1.3571000000000009,18,60.980000000000004,2,6,False,0.5,GPT2-Zinc-87M+SMC,mw_logp_rotb,1.0,0.9
CCCCCCCCOCCCCCC,True,0.4178968105969997,214.39299999999994,4.943800000000005,12,9.23,0,1,False,0.5,GPT2-Zinc-87M+SMC,mw_logp_rotb,1.0,0.9
CCCCCCCCCCCCO,True,0.5129821812363801,186.33899999999997,3.8996000000000035,10,20.23,1,1,False,0.5555555555555556,GPT2-Zinc-87M+SMC,mw_logp_rotb,1.0,0.9
CCCCCCCCCCCCCCCCCC,True,0.2695410264515143,254.5019999999999,7.267800000000007,15,0.0,0,0,False,0.4444444444444445,GPT2-Zinc-87M+SMC,mw_logp_rotb,1.0,0.9
CCNCCCCCCNSOC,True,0.32511223724360166,206.35500000000002,1.9554999999999998,10,33.29,2,4,False,1.0,GPT2-Zinc-87M+SMC,mw_logp_rotb,1.0,0.9
CCCCCCCCNCCOCCOC,True,0.4942456085243093,231.37999999999994,2.599500000000001,13,30.49,1,3,False,1.0,GPT2-Zinc-87M+SMC,mw_logp_rotb,1.0,0.9
CCNCCCCCOC,True,0.5468783633752162,145.246,1.4125999999999999,7,21.259999999999998,1,2,False,0.33352568415253275,GPT2-Zinc-87M+SMC,mw_logp_rotb,1.0,0.9
CNCCCCCCNCCOCCOC,True,0.46530644444970953,232.36799999999994,1.0188,13,42.519999999999996,2,4,False,0.3331192688447387,GPT2-Zinc-87M+SMC,mw_logp_rotb,1.0,0.9
CCOCCN,True,0.49312039230134647,89.13800000000002,-0.01839999999999986,3,35.25,1,2,False,0.33303170074294147,GPT2-Zinc-87M+SMC,mw_logp_rotb,1.0,0.9
NCCOCCOCCN,True,0.45127772722060017,148.206,-1.0629999999999982,7,70.5,2,4,False,0.00032334625978710374,GPT2-Zinc-87M+SMC,mw_logp_rotb,1.0,0.9
NP,True,0.3752657687044347,49.013,-0.2647999999999999,0,26.02,1,1,False,0.5,GPT2-Zinc-87M+SMC,mw_logp_rotb,1.0,0.9
CCCCCCCCCCSCCSCSCCC,True,0.22925048790848188,322.64900000000006,6.6942000000000075,16,0.0,0,3,False,0.5,GPT2-Zinc-87M+SMC,mw_logp_rotb,1.0,0.9
CCCCCCO,True,0.5339278817039772,102.17699999999999,1.559,4,20.23,1,1,False,0.5667854217321424,GPT2-Zinc-87M+SMC,mw_logp_rotb,1.0,0.9
[B-]CCCCCCCCCCCC,True,0.3428097298980796,180.14399999999998,4.494100000000004,10,0.0,0,0,False,0.3400712530392855,GPT2-Zinc-87M+SMC,mw_logp_rotb,1.0,0.9
OCCOCCOCCOCPNPO,True,0.3288029378045396,259.179,-0.33010000000000006,12,80.18,3,6,False,1.0,GPT2-Zinc-87M+SMC,mw_logp_rotb,1.0,0.9
CCCCCCCCCOBPNNCC,True,0.2267321575696468,246.14400000000003,2.7277000000000005,13,33.29,2,3,False,1.0,GPT2-Zinc-87M+SMC,mw_logp_rotb,1.0,0.9
CCCCCCCCCCCCCCCCPC,True,0.22764063670422796,272.45699999999994,6.776000000000008,15,0.0,0,0,False,1.0,GPT2-Zinc-87M+SMC,mw_logp_rotb,1.0,0.9
CCCCCCCCCCCCN,True,0.5137336951780617,185.35499999999996,3.8660000000000023,10,26.02,1,1,False,1.0,GPT2-Zinc-87M+SMC,mw_logp_rotb,1.0,0.9
CCCCCCCCCCCCCCCCCCCCCCCCCOCCCC,True,0.1190722128177492,424.79800000000034,10.79529999999999,27,9.23,0,1,False,1.0,GPT2-Zinc-87M+SMC,mw_logp_rotb,1.0,0.9
CCCC,True,0.4310243576713092,58.123999999999995,1.8064,1,0.0,0,0,False,1.0,GPT2-Zinc-87M+SMC,mw_logp_rotb,1.0,0.9
CCCCCCCCCCSCN,True,0.43182322501732184,203.39499999999998,3.776500000000002,10,26.02,1,2,False,1.0,GPT2-Zinc-87M+SMC,mw_logp_rotb,1.0,0.9
CCCCCCCCCCCOCCCO,True,0.4859700127449138,230.39199999999994,3.916200000000003,13,29.46,1,2,False,0.5555555555555556,GPT2-Zinc-87M+SMC,mw_logp_rotb,1.0,0.9
CCOCCNC,True,0.5146123964018527,103.165,0.24230000000000002,4,21.259999999999998,1,2,False,0.4444444444444444,GPT2-Zinc-87M+SMC,mw_logp_rotb,1.0,0.9
CCCCNCCCOCP,True,0.4490563239605744,177.22799999999995,1.6154000000000002,8,21.259999999999998,1,2,False,1.0,GPT2-Zinc-87M+SMC,mw_logp_rotb,1.0,0.9
CCOCCS,True,0.41612490460451074,106.19000000000001,0.9526999999999999,3,9.23,1,2,False,1.0,GPT2-Zinc-87M+SMC,mw_logp_rotb,1.0,0.9
CCCCCCCCCCCCCCCCCCCCCCOCCCCCC,True,0.1287857274749032,410.7710000000003,10.405199999999994,26,9.23,0,1,False,1.0,GPT2-Zinc-87M+SMC,mw_logp_rotb,1.0,0.9
CCCOCCCCCOC,True,0.5068538089331729,160.25699999999998,2.2297000000000002,8,18.46,0,2,False,1.0,GPT2-Zinc-87M+SMC,mw_logp_rotb,1.0,0.9
CNCCCNCCOCSCCS,True,0.28278115383706076,238.422,0.8226000000000002,11,33.29,3,5,False,1.0,GPT2-Zinc-87M+SMC,mw_logp_rotb,1.0,0.9
NCS,True,0.29615538159735105,63.125,-0.16759999999999992,0,26.02,2,2,False,1.0,GPT2-Zinc-87M+SMC,mw_logp_rotb,1.0,0.9
CCCCS,True,0.49025297206668045,90.19099999999999,1.7163,2,0.0,1,1,False,0.6666666666666666,GPT2-Zinc-87M+SMC,mw_logp_rotb,1.0,0.9
CCCS,True,0.447387643084952,76.16399999999999,1.3262,1,0.0,1,1,False,0.33333333333333337,GPT2-Zinc-87M+SMC,mw_logp_rotb,1.0,0.9
CCOCCSCCOCCOP,True,0.41736809527039265,226.27799999999996,1.5793999999999997,10,27.69,0,4,False,1.0,GPT2-Zinc-87M+SMC,mw_logp_rotb,1.0,0.9
CCCSCCOCSCCOCCO,True,0.4249064524057343,254.41699999999994,1.8458,12,38.69,1,5,False,0.7142857142857142,GPT2-Zinc-87M+SMC,mw_logp_rotb,1.0,0.9
OBNNCCSCCCSCCNONO,True,0.13082278269622322,284.21599999999995,-1.3890999999999973,14,97.81,6,9,False,0.2857142857142857,GPT2-Zinc-87M+SMC,mw_logp_rotb,1.0,0.9
CCOCC,True,0.4752681489358652,74.123,1.0428000000000002,2,9.23,0,1,False,0.5714285714285714,GPT2-Zinc-87M+SMC,mw_logp_rotb,1.0,0.9
CCC,True,0.3854706587740357,44.096999999999994,1.4163,0,0.0,0,0,False,0.42857142857142855,GPT2-Zinc-87M+SMC,mw_logp_rotb,1.0,0.9
CNCCCNCCOCCCOCNSOC,True,0.17337124090838327,281.422,0.36550000000000177,15,63.78,3,7,False,0.625,GPT2-Zinc-87M+SMC,mw_logp_rotb,1.0,0.9
CCOCCOCCSO,True,0.4560531504356341,166.24200000000002,1.2457,7,38.69,1,4,False,1.0,GPT2-Zinc-87M+SMC,mw_logp_rotb,1.0,0.9
CCCCCCCCCCCCCCCCCCCCCCCCCCCCC,True,0.12475265989203768,408.7990000000003,11.558899999999985,26,0.0,0,0,False,1.0,GPT2-Zinc-87M+SMC,mw_logp_rotb,1.0,0.9
CN,True,0.3846582089034356,31.058,-0.4251,0,26.02,1,1,False,0.8498093889853849,GPT2-Zinc-87M+SMC,mw_logp_rotb,1.0,0.9
CCCCCCCCCCCCCCCCCNCCCOCCNC,True,0.21402009431567742,370.66600000000017,6.0735000000000054,23,33.29,2,3,False,0.15019061101461498,GPT2-Zinc-87M+SMC,mw_logp_rotb,1.0,0.9
C,True,0.3597849378839701,16.043,0.6361,0,0.0,0,0,False,0.42857142857142855,GPT2-Zinc-87M+SMC,mw_logp_rotb,1.0,0.9
OCCCCS,True,0.4004120835812682,106.19000000000001,0.6886999999999999,3,20.23,2,2,False,1.0,GPT2-Zinc-87M+SMC,mw_logp_rotb,1.0,0.9
CCN,True,0.4062370953898832,45.084999999999994,-0.03499999999999981,0,26.02,1,1,False,0.6666666666666667,GPT2-Zinc-87M+SMC,mw_logp_rotb,1.0,0.9
BOC,True,0.32266378230861453,43.861999999999995,-0.8191000000000002,0,9.23,0,1,False,0.33333333333333337,GPT2-Zinc-87M+SMC,mw_logp_rotb,1.0,0.9
F,True,0.35079494417635715,20.006,0.15250000000000002,0,0.0,0,0,False,1.0,GPT2-Zinc-87M+SMC,mw_logp_rotb,1.0,0.9
CCCCCCCCCC,True,0.4684089279615184,142.286,4.147000000000004,7,0.0,0,0,False,1.0,GPT2-Zinc-87M+SMC,mw_logp_rotb,0.7,0.9
CS,True,0.37947717275669157,48.11000000000001,0.546,0,0.0,1,1,False,1.0,GPT2-Zinc-87M+SMC,mw_logp_rotb,0.7,0.9
CCCCCCCCCCCCCCOCCCCCCCCCC,True,0.17635139350020082,354.6630000000002,8.844800000000003,22,9.23,0,1,False,0.6,GPT2-Zinc-87M+SMC,mw_logp_rotb,0.7,0.9
NCCCCCO,True,0.4958741963635239,103.16499999999999,0.10769999999999996,4,46.25,2,2,False,0.4,GPT2-Zinc-87M+SMC,mw_logp_rotb,0.7,0.9
O,True,0.3277476769246249,18.015,-0.8247,0,31.5,0,0,False,1.0,GPT2-Zinc-87M+SMC,mw_logp_rotb,0.7,0.9
C,True,0.3597849378839701,16.043,0.6361,0,0.0,0,0,False,0.6000000000000001,GPT2-Zinc-87M+SMC,mw_logp_rotb,0.7,0.9
CCCCCCCC,True,0.48061060527513716,114.232,3.3668000000000022,5,0.0,0,0,False,0.4,GPT2-Zinc-87M+SMC,mw_logp_rotb,0.7,0.9
C=COCCOCCOCCO,True,0.4017120612406392,176.212,0.172,9,47.92,1,4,False,0.9999965276160884,GPT2-Zinc-87M+SMC,mw_logp_rotb,0.7,0.9
CCCCCCCCCCCCCCCCCCCS,True,0.20771509846449313,300.5959999999999,7.567800000000008,17,0.0,1,1,False,1.0,GPT2-Zinc-87M+SMC,mw_logp_rotb,0.7,0.9
CCCCCCO,True,0.5339278817039772,102.17699999999999,1.559,4,20.23,1,1,False,1.0,GPT2-Zinc-87M+SMC,mw_logp_rotb,0.7,0.9
CCOCCOC,True,0.48790282537301655,104.149,0.6693,4,18.46,0,2,False,1.0,GPT2-Zinc-87M+SMC,mw_logp_rotb,0.7,0.9
NN,True,0.2606589485634476,32.046,-1.1812,0,52.04,2,2,False,1.0,GPT2-Zinc-87M+SMC,mw_logp_rotb,0.7,0.9
CCCCCCCCCCCC,True,0.4304643040524984,170.33999999999997,4.9272000000000045,9,0.0,0,0,False,0.8571428571428572,GPT2-Zinc-87M+SMC,mw_logp_rotb,0.7,0.9
NP,True,0.3752657687044347,49.013,-0.2647999999999999,0,26.02,1,1,False,0.14285714285714285,GPT2-Zinc-87M+SMC,mw_logp_rotb,0.7,0.9
COCCOCCOCCO,True,0.49843640408528683,164.201,-0.34170000000000006,8,47.92,1,4,False,0.4,GPT2-Zinc-87M+SMC,mw_logp_rotb,0.7,0.9
[P-],True,0.34680293054341377,30.974,0.8612,0,0.0,0,0,False,0.30000000000000004,GPT2-Zinc-87M+SMC,mw_logp_rotb,0.7,0.9
OCCO,True,0.4075278906664171,62.068000000000005,-1.0290000000000001,1,40.46,2,2,False,0.2,GPT2-Zinc-87M+SMC,mw_logp_rotb,0.7,0.9
OCO,True,0.3419937935086325,48.041000000000004,-1.0715000000000001,0,40.46,2,2,False,0.1,GPT2-Zinc-87M+SMC,mw_logp_rotb,0.7,0.9
CP,True,0.3493208255888318,48.025,0.4912999999999999,0,0.0,0,0,False,0.4,GPT2-Zinc-87M+SMC,mw_logp_rotb,0.7,0.9
CCCCCCCCCCCCCCSCCSCCC,True,0.23738427632827852,332.66300000000007,7.563900000000008,18,0.0,0,2,False,1.0,GPT2-Zinc-87M+SMC,mw_logp_rotb,0.7,0.9
CCOCC,True,0.4752681489358652,74.123,1.0428000000000002,2,9.23,0,1,False,0.7142857142857143,GPT2-Zinc-87M+SMC,mw_logp_rotb,0.7,0.9
P,True,0.3320229224096877,33.998,0.05809999999999993,0,0.0,0,0,False,0.28571428571428575,GPT2-Zinc-87M+SMC,mw_logp_rotb,0.7,0.9
BOB,True,0.28742612549599694,41.654999999999994,-1.9008000000000003,0,9.23,0,1,False,1.0,GPT2-Zinc-87M+SMC,mw_logp_rotb,0.7,0.9
COSCOP,True,0.24349941261860533,126.117,1.0452,3,18.46,0,3,False,1.0,GPT2-Zinc-87M+SMC,mw_logp_rotb,0.7,0.9
CCCCCCCCCCCCC,True,0.4031688486987215,184.36699999999996,5.317300000000005,10,0.0,0,0,False,0.6666666666666666,GPT2-Zinc-87M+SMC,mw_logp_rotb,0.7,0.9
CO,True,0.38528440447384316,32.042,-0.3915,0,20.23,1,1,False,0.3333333333333333,GPT2-Zinc-87M+SMC,mw_logp_rotb,0.7,0.9
NCCCCCCN,True,0.5127392274046669,116.20800000000001,0.46420000000000006,5,52.04,2,2,False,0.8333333333333334,GPT2-Zinc-87M+SMC,mw_logp_rotb,0.7,0.9
CCCCCCCCCCCCP,True,0.3529873934128288,202.32199999999995,4.782400000000006,10,0.0,0,0,False,0.6000000000000001,GPT2-Zinc-87M+SMC,mw_logp_rotb,0.7,0.9
OCCOCCOCCOCCO,True,0.43749139944601423,194.22699999999998,-0.979199999999999,10,68.15,2,5,False,0.2222222222222222,GPT2-Zinc-87M+SMC,mw_logp_rotb,0.7,0.9
OCCCS,True,0.4692755375971925,92.163,0.29860000000000003,2,20.23,2,2,False,1.0,GPT2-Zinc-87M+SMC,mw_logp_rotb,0.7,0.9
O=CCCCCCCCCCCCSOCPCCCCO,True,0.15123820849501937,350.5050000000001,5.159600000000007,19,46.53,1,4,False,1.0,GPT2-Zinc-87M+SMC,mw_logp_rotb,0.7,0.9
CCCCCCCCCCNNCCC,True,0.38277974946312365,214.397,3.6313000000000013,12,24.06,2,2,False,0.4444444444444444,GPT2-Zinc-87M+SMC,mw_logp_rotb,0.7,0.9
CCNN,True,0.31514839256535404,60.099999999999994,-0.5304,1,38.05,2,2,False,0.4,GPT2-Zinc-87M+SMC,mw_logp_rotb,0.7,0.9
CCCOCCNCCCN,True,0.5037010953245811,160.26099999999997,0.3514000000000005,8,47.28,2,3,False,0.1,GPT2-Zinc-87M+SMC,mw_logp_rotb,0.7,0.9
SCCCS,True,0.4884510215903947,108.23100000000001,1.2361,2,0.0,2,2,False,1.0,GPT2-Zinc-87M+SMC,mw_logp_rotb,0.7,0.9
BOOCCOCCOCCOC,True,0.19532766966168424,192.01999999999998,-0.8376999999999994,10,46.150000000000006,0,5,False,1.0,GPT2-Zinc-87M+SMC,mw_logp_rotb,0.7,0.9
CCCCCC,True,0.4629542813199688,86.178,2.5866000000000007,3,0.0,0,0,False,0.5,GPT2-Zinc-87M+SMC,mw_logp_rotb,0.7,0.9
CCOCCCOC,True,0.5024136978092385,118.176,1.0594000000000001,5,18.46,0,2,False,0.30000000000000004,GPT2-Zinc-87M+SMC,mw_logp_rotb,0.7,0.9
CCCCOCO,True,0.42105400509861646,104.14899999999999,0.7528999999999999,4,29.46,1,2,False,0.2,GPT2-Zinc-87M+SMC,mw_logp_rotb,0.7,0.9
CCCCCCCCCCC,True,0.4526177505443085,156.313,4.537100000000004,8,0.0,0,0,False,0.7,GPT2-Zinc-87M+SMC,mw_logp_rotb,0.7,0.9
NCCNCCO,True,0.3814524418111515,104.15299999999999,-1.4729999999999996,4,58.28,3,3,False,0.3,GPT2-Zinc-87M+SMC,mw_logp_rotb,0.7,0.9
CCCCCCCCCCCCCCCC,True,0.3149047241460033,226.44799999999992,6.487600000000007,13,0.0,0,0,False,1.0,GPT2-Zinc-87M+SMC,mw_logp_rotb,0.7,0.9
CCCCC,True,0.4687855098011332,72.151,2.1965000000000003,2,0.0,0,0,False,0.4444444444444445,GPT2-Zinc-87M+SMC,mw_logp_rotb,0.7,0.9
CCCCCCCCCCCCCCCCC,True,0.29031715960806453,240.4749999999999,6.877700000000007,14,0.0,0,0,False,0.5714285714285715,GPT2-Zinc-87M+SMC,mw_logp_rotb,0.7,0.9
N,True,0.3975550616040572,17.031,0.16199999999999998,0,35.0,1,1,False,0.4285714285714286,GPT2-Zinc-87M+SMC,mw_logp_rotb,0.7,0.9
NCCF,True,0.45207675346793474,63.07499999999999,-0.08539999999999992,1,26.02,1,1,False,1.0,GPT2-Zinc-87M+SMC,mw_logp_rotb,0.7,0.9
COS,True,0.3181490081398001,64.109,0.4776000000000001,0,9.23,1,2,False,1.0,GPT2-Zinc-87M+SMC,mw_logp_rotb,0.7,0.9
COCCOC,True,0.46326111640766837,90.122,0.2792,3,18.46,0,2,False,1.0,GPT2-Zinc-87M+SMC,mw_logp_rotb,0.7,0.9
NCCCNCCCF,True,0.5121317078765977,134.19799999999998,0.2843999999999998,6,38.05,2,2,False,1.0,GPT2-Zinc-87M+SMC,mw_logp_rotb,0.7,0.9
CCCOCC,True,0.474106795831282,88.14999999999999,1.4329,3,9.23,0,1,False,1.0,GPT2-Zinc-87M+SMC,mw_logp_rotb,0.7,0.9
CCCCCCCCC,True,0.4777243799437154,128.259,3.7569000000000026,6,0.0,0,0,False,0.5,GPT2-Zinc-87M+SMC,mw_logp_rotb,0.7,0.9
CCCCCCCCCCCCSCCCS,True,0.30154017701718533,276.5549999999999,5.960400000000007,14,0.0,1,2,False,1.0,GPT2-Zinc-87M+SMC,mw_logp_rotb,0.7,0.9
B,True,0.28793822605730385,13.835999999999999,-1.1839000000000002,0,0.0,0,0,False,1.0,GPT2-Zinc-87M+SMC,mw_logp_rotb,0.7,0.9
CCCCCCCCCCCCCCCCCCCCCCCCCCCC,True,0.13497266961693322,394.7720000000003,11.168799999999989,25,0.0,0,0,False,0.28571428571428575,GPT2-Zinc-87M+SMC,mw_logp_rotb,0.7,0.9
CCCCCCCCCCCOCO,True,0.41036087211101924,202.33799999999997,3.4836000000000023,11,29.46,1,2,False,0.19999999999999998,GPT2-Zinc-87M+SMC,mw_logp_rotb,0.7,0.9
CCOC,True,0.43150099805807374,60.096000000000004,0.6527000000000001,1,9.23,0,1,False,0.19999999999999998,GPT2-Zinc-87M+SMC,mw_logp_rotb,0.7,0.9
CCCCCF,True,0.46561872605695825,90.141,2.1460999999999997,3,0.0,0,0,False,0.7777777777777778,GPT2-Zinc-87M+SMC,mw_logp_rotb,0.7,0.9
CCCCCCCCCCCCCCO,True,0.4676414309457237,214.39299999999994,4.679800000000005,12,20.23,1,1,False,0.6,GPT2-Zinc-87M+SMC,mw_logp_rotb,0.7,0.9
CCCCCOC,True,0.4918698876466746,102.17699999999999,1.823,4,9.23,0,1,False,0.7777777777777778,GPT2-Zinc-87M+SMC,mw_logp_rotb,0.7,0.9
COC,True,0.3800398096193344,46.069,0.26260000000000006,0,9.23,0,1,False,1.0,GPT2-Zinc-87M+SMC,mw_logp_rotb,0.7,0.9
CS,True,0.37947717275669157,48.11000000000001,0.546,0,0.0,1,1,False,1.0,GPT2-Zinc-87M+SMC,tpsa_fsp3,1.0,0.9
CCCCSCCCCCCCCCCCCC=NCCC,True,0.19002974518705015,327.622,7.291600000000008,18,12.36,0,2,False,0.625,GPT2-Zinc-87M+SMC,tpsa_fsp3,1.0,0.9
SCCS,True,0.4420637180486021,94.204,0.8459999999999999,1,0.0,2,2,False,0.375,GPT2-Zinc-87M+SMC,tpsa_fsp3,1.0,0.9
CCCCCO,True,0.513281356352027,88.14999999999999,1.1689,3,20.23,1,1,False,1.0,GPT2-Zinc-87M+SMC,tpsa_fsp3,1.0,0.9
OCCCOCO,True,0.36908211521339035,106.121,-0.6648000000000001,4,49.69,2,3,False,0.7853243919391416,GPT2-Zinc-87M+SMC,tpsa_fsp3,1.0,0.9
COC,True,0.3800398096193344,46.069,0.26260000000000006,0,9.23,0,1,False,0.21467560806085828,GPT2-Zinc-87M+SMC,tpsa_fsp3,1.0,0.9
COCCOCCCCCCCCCCCCCCCNCCCCOCCCO,True,0.1684298828478147,431.7020000000003,5.489500000000007,27,59.95,2,5,False,1.0,GPT2-Zinc-87M+SMC,tpsa_fsp3,1.0,0.9
CCCCCCCCC,True,0.4777243799437154,128.259,3.7569000000000026,6,0.0,0,0,False,1.0,GPT2-Zinc-87M+SMC,tpsa_fsp3,1.0,0.9
CCCCCCOOCCCNCCNO,True,0.25581867588859225,234.33999999999997,1.4733999999999996,13,62.75,3,5,False,0.5,GPT2-Zinc-87M+SMC,tpsa_fsp3,1.0,0.9
CCCCCCO,True,0.5339278817039772,102.17699999999999,1.559,4,20.23,1,1,False,0.5,GPT2-Zinc-87M+SMC,tpsa_fsp3,1.0,0.9
OCCOCCOCCOCCOCCOCCOCCOCCOCCOCCNCF,True,0.1018504985253563,489.57800000000043,-0.35529999999999173,30,115.33000000000003,2,11,False,1.0,GPT2-Zinc-87M+SMC,tpsa_fsp3,1.0,0.9
CCCCCCCCCCCCCCCCCCCCCOCCOCCOC,True,0.1337870265587327,414.71500000000026,8.097800000000008,26,27.69,0,3,False,1.0,GPT2-Zinc-87M+SMC,tpsa_fsp3,1.0,0.9
C,True,0.3597849378839701,16.043,0.6361,0,0.0,0,0,False,1.0,GPT2-Zinc-87M+SMC,tpsa_fsp3,1.0,0.9
CCCCCCCC,True,0.48061060527513716,114.232,3.3668000000000022,5,0.0,0,0,False,1.0,GPT2-Zinc-87M+SMC,tpsa_fsp3,1.0,0.9
O,True,0.3277476769246249,18.015,-0.8247,0,31.5,0,0,False,0.6666666666666666,GPT2-Zinc-87M+SMC,tpsa_fsp3,1.0,0.9
CCCCCCCCCCCCCCCCCCONCCCOCCCCCCCCCCCCOCCCSCC,True,0.05391333912304713,630.1210000000002,12.236599999999983,40,39.72,1,5,False,0.3333333333333333,GPT2-Zinc-87M+SMC,tpsa_fsp3,1.0,0.9
CCCCCSSCCBSOC,True,0.24849841707895526,238.252,3.6224000000000025,10,9.23,0,4,False,1.0,GPT2-Zinc-87M+SMC,tpsa_fsp3,1.0,0.9
CNCCOCCOCCOCCOCCN,True,0.3944055534414347,250.3389999999999,-0.769099999999997,14,74.97,2,6,False,0.7142857142857143,GPT2-Zinc-87M+SMC,tpsa_fsp3,1.0,0.9
COCCN,True,0.4840293825259344,75.111,-0.4084999999999998,2,35.25,1,2,False,0.2857142857142857,GPT2-Zinc-87M+SMC,tpsa_fsp3,1.0,0.9
BPCCCCCBCCCCCCCCOPP,True,0.23269608300584707,319.9519999999999,4.397200000000005,16,9.23,0,1,False,1.0,GPT2-Zinc-87M+SMC,tpsa_fsp3,1.0,0.9
CCOCCNCCCCCCNC,True,0.4968021081713602,202.34199999999998,1.3922999999999999,11,33.29,2,3,False,1.0,GPT2-Zinc-87M+SMC,tpsa_fsp3,1.0,0.9
CCSCCCCCCCCCCCSCCS,True,0.29471487363936405,308.622,5.913400000000006,15,0.0,1,3,False,1.0,GPT2-Zinc-87M+SMC,tpsa_fsp3,1.0,0.9
CCOCCOC,True,0.48790282537301655,104.149,0.6693,4,18.46,0,2,False,0.2503284031803746,GPT2-Zinc-87M+SMC,tpsa_fsp3,1.0,0.9
COCCCCCCOO,True,0.3389496810583139,148.20200000000003,1.6828,7,38.69,1,3,False,0.250146144773976,GPT2-Zinc-87M+SMC,tpsa_fsp3,1.0,0.9
OCCO,True,0.4075278906664171,62.068000000000005,-1.0290000000000001,1,40.46,2,2,False,0.24993303223537341,GPT2-Zinc-87M+SMC,tpsa_fsp3,1.0,0.9
NCCNCCF,True,0.4742397914602243,106.144,-0.49580000000000046,4,38.05,2,2,False,0.24959241981027594,GPT2-Zinc-87M+SMC,tpsa_fsp3,1.0,0.9
CCCCNCCOCC,True,0.5468783633752162,145.24599999999998,1.4125999999999999,7,21.259999999999998,1,2,False,1.0,GPT2-Zinc-87M+SMC,tpsa_fsp3,1.0,0.9
CP,True,0.3493208255888318,48.025,0.4912999999999999,0,0.0,0,0,False,0.4,GPT2-Zinc-87M+SMC,tpsa_fsp3,1.0,0.9
CN,True,0.3846582089034356,31.058,-0.4251,0,26.02,1,1,False,0.3,GPT2-Zinc-87M+SMC,tpsa_fsp3,1.0,0.9
CCS,True,0.39650349079173225,62.137,0.9360999999999999,0,0.0,1,1,False,0.3,GPT2-Zinc-87M+SMC,tpsa_fsp3,1.0,0.9
COCNOCCCCN,True,0.29934863274563417,148.206,-0.14959999999999984,7,56.51,2,4,False,1.0,GPT2-Zinc-87M+SMC,tpsa_fsp3,1.0,0.9
CCCCCCCCCCCCCCCCCCCCCOCCOCCOCCONCCNCCCS,True,0.040036299601110985,576.9730000000003,7.898700000000007,36,60.980000000000004,3,7,False,0.625,GPT2-Zinc-87M+SMC,tpsa_fsp3,1.0,0.9
NCCS,True,0.4190213910899089,77.15199999999999,-0.12509999999999988,1,26.02,2,2,False,1.0,GPT2-Zinc-87M+SMC,tpsa_fsp3,1.0,0.9
CCCCCCC,True,0.4763098736533007,100.205,2.976700000000002,4,0.0,0,0,False,0.625,GPT2-Zinc-87M+SMC,tpsa_fsp3,1.0,0.9
CCCCCCCCCCCCCCCNCCCNCCN,True,0.2862926312828762,327.60100000000006,4.605600000000002,20,50.08,3,3,False,0.375,GPT2-Zinc-87M+SMC,tpsa_fsp3,1.0,0.9
CCCCCCCCCC,True,0.4684089279615184,142.286,4.147000000000004,7,0.0,0,0,False,1.0,GPT2-Zinc-87M+SMC,tpsa_fsp3,1.0,0.9
NCCCCCOCOCCOCCOCCO,True,0.32341156753171335,265.3499999999999,0.1316000000000011,15,83.17000000000002,2,6,False,1.0,GPT2-Zinc-87M+SMC,tpsa_fsp3,1.0,0.9
C=CCCCCCCCCCCCCCCCCCBr,True,0.14319520043283773,345.40899999999993,7.808900000000007,17,0.0,0,0,False,1.0,GPT2-Zinc-87M+SMC,tpsa_fsp3,1.0,0.9
NCCNCCCCCF,True,0.5208209708097742,148.225,0.6744999999999992,7,38.05,2,2,False,1.0,GPT2-Zinc-87M+SMC,tpsa_fsp3,1.0,0.9
N,True,0.3975550616040572,17.031,0.16199999999999998,0,35.0,1,1,False,1.0,GPT2-Zinc-87M+SMC,tpsa_fsp3,1.0,0.9
CO,True,0.38528440447384316,32.042,-0.3915,0,20.23,1,1,False,0.7,GPT2-Zinc-87M+SMC,tpsa_fsp3,1.0,0.9
CCCCCCCNCCCCC,True,0.5112689857081927,185.35499999999996,3.736600000000003,10,12.03,1,1,False,0.3,GPT2-Zinc-87M+SMC,tpsa_fsp3,1.0,0.9
COCCCCNCCCCCCO,True,0.5006728529075181,203.32599999999996,1.5552999999999997,11,41.489999999999995,2,3,False,1.0,GPT2-Zinc-87M+SMC,tpsa_fsp3,1.0,0.9
CCCCCC,True,0.4629542813199688,86.178,2.5866000000000007,3,0.0,0,0,False,0.6666661840997278,GPT2-Zinc-87M+SMC,tpsa_fsp3,1.0,0.9
COCCCCCNSCCSCCNNCCCCCCCNCCOCCO,True,0.07085501090934467,468.77400000000046,2.4173000000000022,27,86.81,5,9,False,0.33333309204986383,GPT2-Zinc-87M+SMC,tpsa_fsp3,1.0,0.9
CCO,True,0.4068079656553945,46.069,-0.0014000000000000123,0,20.23,1,1,False,0.7777777777777778,GPT2-Zinc-87M+SMC,tpsa_fsp3,1.0,0.9
CCCCCCCCCNCCOCCOCCN,True,0.4241335546506161,274.449,2.3185,16,56.51,2,4,False,0.22222222222222224,GPT2-Zinc-87M+SMC,tpsa_fsp3,1.0,0.9
CCCSCCOCC,True,0.5338159148079396,148.271,2.1661,6,9.23,0,2,False,1.0,GPT2-Zinc-87M+SMC,tpsa_fsp3,1.0,0.9
BOCCNCCCC,True,0.40036445438282275,129.01199999999997,-0.05920000000000036,6,21.259999999999998,1,2,False,1.0,GPT2-Zinc-87M+SMC,tpsa_fsp3,1.0,0.9
OCO,True,0.3419937935086325,48.041000000000004,-1.0715000000000001,0,40.46,2,2,False,0.6666666666666667,GPT2-Zinc-87M+SMC,tpsa_fsp3,1.0,0.9
CSCNCCCCCCCCCCCOCCOCCOCCOCCOSCCCS,True,0.05506983568477506,529.8750000000005,5.458500000000007,30,58.18000000000001,2,9,False,1.0,GPT2-Zinc-87M+SMC,tpsa_fsp3,1.0,0.9
CCCCCCCCCCCCCCCCCCCCCN,True,0.24739499692074246,311.598,7.376900000000007,19,26.02,1,1,False,0.5,GPT2-Zinc-87M+SMC,tpsa_fsp3,1.0,0.9
P,True,0.3320229224096877,33.998,0.05809999999999993,0,0.0,0,0,False,1.0,GPT2-Zinc-87M+SMC,tpsa_fsp3,1.0,0.9
CCCCCCCCNCCNCCC,True,0.4881277929358494,214.39699999999996,2.9361000000000015,12,24.06,2,2,False,1.0,GPT2-Zinc-87M+SMC,tpsa_fsp3,1.0,0.9
NCCCOCOCOCCOCCOCCOCCOCCOCCCCCCCCCOCCNN,True,0.0451424826510085,555.7540000000005,1.5936000000000057,35,147.14000000000004,3,12,False,1.0,GPT2-Zinc-87M+SMC,tpsa_fsp3,1.0,0.9
SSCCCl,True,0.336346373535745,128.649,1.8032,2,0.0,1,2,False,0.4,GPT2-Zinc-87M+SMC,tpsa_fsp3,1.0,0.9
CCOCC,True,0.4752681489358652,74.123,1.0428000000000002,2,9.23,0,1,False,0.4,GPT2-Zinc-87M+SMC,tpsa_fsp3,1.0,0.9
CCCCCCCCOCPCCCCCCCC,True,0.23704015430296835,288.456,6.360000000000007,16,9.23,0,1,False,0.2,GPT2-Zinc-87M+SMC,tpsa_fsp3,1.0,0.9
NO,True,0.3484044488507222,33.03,-0.6657000000000002,0,46.25,2,2,False,0.7142857142857143,GPT2-Zinc-87M+SMC,tpsa_fsp3,0.7,0.9
CCNN,True,0.31514839256535404,60.099999999999994,-0.5304,1,38.05,2,2,False,0.2857142857142857,GPT2-Zinc-87M+SMC,tpsa_fsp3,0.7,0.9
CCCCO,True,0.5128217987135146,74.12299999999999,0.7787999999999999,2,20.23,1,1,False,1.0,GPT2-Zinc-87M+SMC,tpsa_fsp3,0.7,0.9
CCCCCCCCCCCCCCCCC,True,0.29031715960806453,240.4749999999999,6.877700000000007,14,0.0,0,0,False,1.0,GPT2-Zinc-87M+SMC,tpsa_fsp3,0.7,0.9
OCO,True,0.3419937935086325,48.041000000000004,-1.0715000000000001,0,40.46,2,2,False,1.0,GPT2-Zinc-87M+SMC,tpsa_fsp3,0.7,0.9
CCCCCCCCCCCPN,True,0.42012979795286914,203.30999999999997,4.0694000000000035,10,26.02,1,1,False,0.5555555555555556,GPT2-Zinc-87M+SMC,tpsa_fsp3,0.7,0.9
CCOCCCCCOCCOCCOCCO[Si-],True,0.3171675754381561,291.43999999999994,1.3431,16,46.150000000000006,0,5,False,0.5,GPT2-Zinc-87M+SMC,tpsa_fsp3,0.7,0.9
CCCCCCCC,True,0.48061060527513716,114.232,3.3668000000000022,5,0.0,0,0,False,0.5,GPT2-Zinc-87M+SMC,tpsa_fsp3,0.7,0.9
COP,True,0.3708288361720472,64.024,0.4228999999999999,0,9.23,0,1,False,1.0,GPT2-Zinc-87M+SMC,tpsa_fsp3,0.7,0.9
O,True,0.3277476769246249,18.015,-0.8247,0,31.5,0,0,False,1.0,GPT2-Zinc-87M+SMC,tpsa_fsp3,0.7,0.9
C=O,True,0.36062445834190227,30.026,-0.1849,0,17.07,0,1,False,1.0,GPT2-Zinc-87M+SMC,tpsa_fsp3,0.7,0.9
CCNNSOC,True,0.24322855211345887,122.19299999999998,0.31009999999999993,4,33.29,2,4,False,0.8,GPT2-Zinc-87M+SMC,tpsa_fsp3,0.7,0.9
CCCCCCCCCCC(CCCCCCC)COB=COS,True,0.11937853966286562,356.425,6.750800000000008,19,18.46,1,3,False,0.1,GPT2-Zinc-87M+SMC,tpsa_fsp3,0.7,0.9
CCCCCC,True,0.4629542813199688,86.178,2.5866000000000007,3,0.0,0,0,False,0.1,GPT2-Zinc-87M+SMC,tpsa_fsp3,0.7,0.9
N,True,0.3975550616040572,17.031,0.16199999999999998,0,35.0,1,1,False,0.6,GPT2-Zinc-87M+SMC,tpsa_fsp3,0.7,0.9
CCOCCCO,True,0.5231698368256404,104.149,0.40530000000000005,4,29.46,1,2,False,0.19999999999999998,GPT2-Zinc-87M+SMC,tpsa_fsp3,0.7,0.9
CCOCCNC,True,0.5146123964018527,103.165,0.24230000000000002,4,21.259999999999998,1,2,False,0.09999999999999999,GPT2-Zinc-87M+SMC,tpsa_fsp3,0.7,0.9
CCCCCCCCCCCC,True,0.4304643040524984,170.33999999999997,4.9272000000000045,9,0.0,0,0,False,1.0,GPT2-Zinc-87M+SMC,tpsa_fsp3,0.7,0.9
COS,True,0.3181490081398001,64.109,0.4776000000000001,0,9.23,1,2,False,1.0,GPT2-Zinc-87M+SMC,tpsa_fsp3,0.7,0.9
NP,True,0.3752657687044347,49.013,-0.2647999999999999,0,26.02,1,1,False,1.0,GPT2-Zinc-87M+SMC,tpsa_fsp3,0.7,0.9
COCCCCCCNOCCN,True,0.39259768066533823,190.28699999999998,0.6731000000000007,10,56.51,2,4,False,0.7000000000000001,GPT2-Zinc-87M+SMC,tpsa_fsp3,0.7,0.9
B,True,0.28793822605730385,13.835999999999999,-1.1839000000000002,0,0.0,0,0,False,0.19999999999999998,GPT2-Zinc-87M+SMC,tpsa_fsp3,0.7,0.9
COCNSCCCS,True,0.2680957095661128,167.299,1.148,6,21.259999999999998,2,4,False,0.09999999999999999,GPT2-Zinc-87M+SMC,tpsa_fsp3,0.7,0.9
COCCOCCOCCOC,True,0.4761817023320393,178.22799999999998,0.3124,9,36.92,0,4,False,0.6,GPT2-Zinc-87M+SMC,tpsa_fsp3,0.7,0.9
CCCCCCCCCCCCC,True,0.4031688486987215,184.36699999999996,5.317300000000005,10,0.0,0,0,False,1.0,GPT2-Zinc-87M+SMC,tpsa_fsp3,0.7,0.9
Br,True,0.39965578527120305,80.91199999999999,0.5779000000000001,0,0.0,0,0,False,1.0,GPT2-Zinc-87M+SMC,tpsa_fsp3,0.7,0.9
C,True,0.3597849378839701,16.043,0.6361,0,0.0,0,0,False,0.5,GPT2-Zinc-87M+SMC,tpsa_fsp3,0.7,0.9
CCCCCCC,True,0.4763098736533007,100.205,2.976700000000002,4,0.0,0,0,False,0.30000000000000004,GPT2-Zinc-87M+SMC,tpsa_fsp3,0.7,0.9
CCCCCCCCCC,True,0.4684089279615184,142.286,4.147000000000004,7,0.0,0,0,False,0.2,GPT2-Zinc-87M+SMC,tpsa_fsp3,0.7,0.9
[CH-]CCCCCCCCCCCCCCCC,True,0.23705254405984225,238.45899999999992,6.568890000000007,14,0.0,0,0,False,0.6249999999999999,GPT2-Zinc-87M+SMC,tpsa_fsp3,0.7,0.9
CCCC,True,0.4310243576713092,58.123999999999995,1.8064,1,0.0,0,0,False,0.375,GPT2-Zinc-87M+SMC,tpsa_fsp3,0.7,0.9
CCOCC,True,0.4752681489358652,74.123,1.0428000000000002,2,9.23,0,1,False,1.0,GPT2-Zinc-87M+SMC,tpsa_fsp3,0.7,0.9
CCCCNS,True,0.40602882836199256,105.20599999999997,1.2208999999999999,3,12.03,2,2,False,0.375,GPT2-Zinc-87M+SMC,tpsa_fsp3,0.7,0.9
CCCOCC,True,0.474106795831282,88.14999999999999,1.4329,3,9.23,0,1,False,0.33389319570794884,GPT2-Zinc-87M+SMC,tpsa_fsp3,0.7,0.9
SCCS,True,0.4420637180486021,94.204,0.8459999999999999,1,0.0,2,2,False,0.3334800157980875,GPT2-Zinc-87M+SMC,tpsa_fsp3,0.7,0.9
CCCCC,True,0.4687855098011332,72.151,2.1965000000000003,2,0.0,0,0,False,0.3326176257099091,GPT2-Zinc-87M+SMC,tpsa_fsp3,0.7,0.9
CNCCCCOCP,True,0.44597237268461015,149.17399999999998,0.8351999999999997,6,21.259999999999998,1,2,False,9.162784054674168e-06,GPT2-Zinc-87M+SMC,tpsa_fsp3,0.7,0.9
CCCCCCCCOCOC,True,0.39500939204733315,174.284,2.9674000000000014,9,18.46,0,2,False,1.0,GPT2-Zinc-87M+SMC,tpsa_fsp3,0.7,0.9
CCOCCOCCOCSCCS,True,0.3377183490166961,240.39,1.6765999999999999,11,27.69,1,5,False,1.0,GPT2-Zinc-87M+SMC,tpsa_fsp3,0.7,0.9
CCCCCCCCCCCCCCCC,True,0.3149047241460033,226.44799999999992,6.487600000000007,13,0.0,0,0,False,0.7142857142857143,GPT2-Zinc-87M+SMC,tpsa_fsp3,0.7,0.9
OCCCCCCO,True,0.5168950977146299,118.176,0.5313999999999999,5,40.46,2,2,False,0.2857142857142857,GPT2-Zinc-87M+SMC,tpsa_fsp3,0.7,0.9
SCCCS,True,0.4884510215903947,108.23100000000001,1.2361,2,0.0,2,2,False,0.7499999999999999,GPT2-Zinc-87M+SMC,tpsa_fsp3,0.7,0.9
CCCCCCO,True,0.5339278817039772,102.17699999999999,1.559,4,20.23,1,1,False,0.3,GPT2-Zinc-87M+SMC,tpsa_fsp3,0.7,0.9
COCO,True,0.4179983966500295,62.068000000000005,-0.41739999999999994,1,29.46,1,2,False,1.0,GPT2-Zinc-87M+SMC,tpsa_fsp3,0.7,0.9
CCCCCNCCN,True,0.5200023086996671,130.23499999999999,0.7249000000000001,6,38.05,2,2,False,0.6250000000000001,GPT2-Zinc-87M+SMC,tpsa_fsp3,0.7,0.9
COCCOC,True,0.46326111640766837,90.122,0.2792,3,18.46,0,2,False,0.375,GPT2-Zinc-87M+SMC,tpsa_fsp3,0.7,0.9
NCCCCCOCOCO,True,0.39195752008417756,163.21699999999998,0.055899999999999894,8,64.71000000000001,2,4,False,0.3,GPT2-Zinc-87M+SMC,tpsa_fsp3,0.7,0.9
OCCCO,True,0.4590493065582775,76.095,-0.6389,2,40.46,2,2,False,0.2,GPT2-Zinc-87M+SMC,tpsa_fsp3,0.7,0.9
CCCCCCCCCCCC[P+],True,0.3305889384450804,200.30599999999995,5.317800000000005,10,0.0,0,0,False,1.0,GPT2-Zinc-87M+SMC,tpsa_fsp3,0.7,0.9
P,True,0.3320229224096877,33.998,0.05809999999999993,0,0.0,0,0,False,0.4444444444444445,GPT2-Zinc-87M+SMC,tpsa_fsp3,0.7,0.9
CCCCCCCCCCCCCCCCCCCCC,True,0.22251819493515618,296.58299999999997,8.438100000000006,18,0.0,0,0,False,1.0,GPT2-Zinc-87M+SMC,tpsa_fsp3,0.7,0.9
COCCOCCOCCO,True,0.49843640408528683,164.201,-0.34170000000000006,8,47.92,1,4,False,1.0,GPT2-Zinc-87M+SMC,tpsa_fsp3,0.7,0.9
CCOCCOCCOC,True,0.4969584222872572,148.202,0.6859,7,27.69,0,3,False,0.5555555555555556,GPT2-Zinc-87M+SMC,tpsa_fsp3,0.7,0.9
CNOC,True,0.4226239885245327,61.084,-0.23280000000000012,1,21.259999999999998,1,2,False,1.0,GPT2-Zinc-87M+SMC,tpsa_fsp3,0.7,0.9
CCCCCO,True,0.513281356352027,88.14999999999999,1.1689,3,20.23,1,1,False,1.0,GPT2-Zinc-87M+SMC,tpsa_fsp3,0.7,0.9
CCOCCOC,True,0.48790282537301655,104.149,0.6693,4,18.46,0,2,False,1.0,GPT2-Zinc-87M+SMC,tpsa_fsp3,0.7,0.9
NS,True,0.3644321050404201,49.098000000000006,-0.2100999999999999,0,26.02,2,2,False,1.0,GPT2-Zinc-87M+SMC,tpsa_fsp3,0.7,0.9
CCCCOCCN,True,0.5394964139942425,117.19200000000001,0.7618,5,35.25,1,2,False,0.625,GPT2-Zinc-87M+SMC,tpsa_fsp3,0.7,0.9
CCCCCCCCCCCCCCC[P+],True,0.2556713161288366,242.38699999999992,6.488100000000006,13,0.0,0,0,False,0.3333333333333333,GPT2-Zinc-87M+SMC,tpsa_fsp3,0.7,0.9
CCCCCCCCCCCCCCC,True,0.3429502160022288,212.42099999999994,6.097500000000006,12,0.0,0,0,False,0.5555555555555556,GPT2-Zinc-87M+SMC,tpsa_fsp3,0.7,0.9
CCCCCCCCCCCCSCCCS,True,0.30154017701718533,276.5549999999999,5.960400000000007,14,0.0,1,2,False,1.0,GPT2-Zinc-87M+SMC,tpsa_fsp3,0.7,0.9
CNCCOC,True,0.48550167404168565,89.13799999999999,-0.14780000000000015,3,21.259999999999998,1,2,False,1.0,GPT2-Zinc-87M+SMC,tpsa_fsp3,0.7,0.9
COBO,True,0.38863686986993773,59.861000000000004,-1.1084,1,29.46,1,2,False,0.6,GPT2-Zinc-87M+SMC,tpsa_fsp3,0.7,0.9
CCCCCCCCCCCCSOC,True,0.33762174950151924,232.43299999999996,5.2019000000000055,12,9.23,0,2,False,1.0,GPT2-Zinc-87M+SMC,tpsa_fsp3,0.7,0.9
CCCCCCCCCCCCCCCCCCCPN,True,0.21007563738835652,315.5259999999999,7.190200000000008,18,26.02,1,1,False,1.0,GPT2-Zinc-87M+SMC,tpsa_fsp3,0.7,0.9
NPPP,True,0.5024458403827984,112.977,0.9221999999999997,1,26.02,1,1,False,0.7142857142857143,GPT2-Zinc-87M+SMC,tpsa_fsp3,0.7,0.9
CCCCCCCCCCCCCC,True,0.3731035838174365,198.39399999999995,5.707400000000006,11,0.0,0,0,False,0.28571428571428575,GPT2-Zinc-87M+SMC,tpsa_fsp3,0.7,0.9
CCCCOCCOCCNCOCCOCC,True,0.3575759301316506,263.37799999999993,1.4198999999999995,15,48.95,1,5,False,1.0,GPT2-Zinc-87M+SMC,druglike_qed,1.0,0.9
CCOCCO,True,0.49472125079952195,90.122,0.015200000000000047,3,29.46,1,2,False,1.0,GPT2-Zinc-87M+SMC,druglike_qed,1.0,0.9
CCCCCCCCCCCCCOCCCCCCCCCCCOCCON,True,0.1071431493311194,429.73000000000036,7.731800000000008,27,53.71,1,4,False,1.0,GPT2-Zinc-87M+SMC,druglike_qed,1.0,0.9
CCCSCC,True,0.49428390702591973,104.21799999999999,2.1494999999999997,3,0.0,0,1,False,1.0,GPT2-Zinc-87M+SMC,druglike_qed,1.0,0.9
COS,True,0.3181490081398001,64.109,0.4776000000000001,0,9.23,1,2,False,1.0,GPT2-Zinc-87M+SMC,druglike_qed,1.0,0.9
CCO,True,0.4068079656553945,46.069,-0.0014000000000000123,0,20.23,1,1,False,1.0,GPT2-Zinc-87M+SMC,druglike_qed,1.0,0.9
CCCOCCN,True,0.5216716305101281,103.165,0.37170000000000003,4,35.25,1,2,False,0.5555555555555556,GPT2-Zinc-87M+SMC,druglike_qed,1.0,0.9
Br,True,0.39965578527120305,80.91199999999999,0.5779000000000001,0,0.0,0,0,False,0.4444444444444444,GPT2-Zinc-87M+SMC,druglike_qed,1.0,0.9
C,True,0.3597849378839701,16.043,0.6361,0,0.0,0,0,False,1.0,GPT2-Zinc-87M+SMC,druglike_qed,1.0,0.9
CCCCCCCCCNP=CPNCCOCCNCCNC,True,0.19387110308378494,378.48200000000026,2.956200000000001,20,57.35,4,5,False,0.4,GPT2-Zinc-87M+SMC,druglike_qed,1.0,0.9
CCCCCCCCCCCC,True,0.4304643040524984,170.33999999999997,4.9272000000000045,9,0.0,0,0,False,0.4,GPT2-Zinc-87M+SMC,druglike_qed,1.0,0.9
NCCCCOCCNCSSCCS,True,0.21759892925554966,270.489,1.6002,12,47.28,3,6,False,0.2,GPT2-Zinc-87M+SMC,druglike_qed,1.0,0.9
NCCCNCCCF,True,0.5121317078765977,134.19799999999998,0.2843999999999998,6,38.05,2,2,False,1.0,GPT2-Zinc-87M+SMC,druglike_qed,1.0,0.9
BCCCCCCCCCCCCCCCCC,True,0.2509024769361787,252.2949999999999,5.909200000000006,15,0.0,0,0,False,1.0,GPT2-Zinc-87M+SMC,druglike_qed,1.0,0.9
CCCOCCOC,True,0.5024136978092385,118.17599999999999,1.0594000000000001,5,18.46,0,2,False,0.6000000000000001,GPT2-Zinc-87M+SMC,druglike_qed,1.0,0.9
P,True,0.3320229224096877,33.998,0.05809999999999993,0,0.0,0,0,False,0.39999999999999997,GPT2-Zinc-87M+SMC,druglike_qed,1.0,0.9
CCCCCC,True,0.4629542813199688,86.178,2.5866000000000007,3,0.0,0,0,False,0.5714285714285714,GPT2-Zinc-87M+SMC,druglike_qed,1.0,0.9
CCCCCCCNCCNCCOC,True,0.4879374129629476,216.36899999999997,1.7823999999999998,12,33.29,2,3,False,0.4285714285714285,GPT2-Zinc-87M+SMC,druglike_qed,1.0,0.9
CCOCC,True,0.4752681489358652,74.123,1.0428000000000002,2,9.23,0,1,False,0.6666666666666666,GPT2-Zinc-87M+SMC,druglike_qed,1.0,0.9
CCCOCC,True,0.474106795831282,88.14999999999999,1.4329,3,9.23,0,1,False,0.33333333333333337,GPT2-Zinc-87M+SMC,druglike_qed,1.0,0.9
CCCC,True,0.4310243576713092,58.123999999999995,1.8064,1,0.0,0,0,False,1.0,GPT2-Zinc-87M+SMC,druglike_qed,1.0,0.9
NP,True,0.3752657687044347,49.013,-0.2647999999999999,0,26.02,1,1,False,1.0,GPT2-Zinc-87M+SMC,druglike_qed,1.0,0.9
CCOCCCSCCCCOSCCS,True,0.31661885593607725,284.5119999999999,3.521000000000003,13,18.46,1,5,False,1.0,GPT2-Zinc-87M+SMC,druglike_qed,1.0,0.9
CCCCCCN,True,0.5337740881212314,101.19300000000001,1.5253999999999999,4,26.02,1,1,False,1.0,GPT2-Zinc-87M+SMC,druglike_qed,1.0,0.9
O,True,0.3277476769246249,18.015,-0.8247,0,31.5,0,0,False,1.0,GPT2-Zinc-87M+SMC,druglike_qed,1.0,0.9
CCCCCCCC,True,0.48061060527513716,114.232,3.3668000000000022,5,0.0,0,0,False,1.0,GPT2-Zinc-87M+SMC,druglike_qed,1.0,0.9
CCCCCCCCCC,True,0.4684089279615184,142.286,4.147000000000004,7,0.0,0,0,False,1.0,GPT2-Zinc-87M+SMC,druglike_qed,1.0,0.9
CCCNCCNC,True,0.5015476719741551,116.208,0.20539999999999986,5,24.06,2,2,False,1.0,GPT2-Zinc-87M+SMC,druglike_qed,1.0,0.9
CC,True,0.3727855551576051,30.07,1.0262,0,0.0,0,0,False,1.0,GPT2-Zinc-87M+SMC,druglike_qed,1.0,0.9
CCCCCCCCCCCCCCCCCC,True,0.2695410264515143,254.5019999999999,7.267800000000007,15,0.0,0,0,False,0.6,GPT2-Zinc-87M+SMC,druglike_qed,1.0,0.9
CO,True,0.38528440447384316,32.042,-0.3915,0,20.23,1,1,False,0.39999999999999997,GPT2-Zinc-87M+SMC,druglike_qed,1.0,0.9
CCCCCCCCCCCCCNCC,True,0.44095163228565826,227.43599999999995,4.906900000000004,13,12.03,1,1,False,0.6,GPT2-Zinc-87M+SMC,druglike_qed,1.0,0.9
COCCOCCOCCO,True,0.49843640408528683,164.201,-0.34170000000000006,8,47.92,1,4,False,0.5555555555555556,GPT2-Zinc-87M+SMC,druglike_qed,1.0,0.9
CCCCCCCCC,True,0.4777243799437154,128.259,3.7569000000000026,6,0.0,0,0,False,0.4444444444444445,GPT2-Zinc-87M+SMC,druglike_qed,1.0,0.9
NCCOCCOCCOCCO,True,0.4347072977527232,193.24299999999997,-1.0127999999999988,10,73.94000000000001,2,5,False,1.0,GPT2-Zinc-87M+SMC,druglike_qed,1.0,0.9
CCOCCOC,True,0.48790282537301655,104.149,0.6693,4,18.46,0,2,False,0.625,GPT2-Zinc-87M+SMC,druglike_qed,1.0,0.9
CCCCCCS,True,0.42532571238440675,118.24499999999999,2.4965000000000015,4,0.0,1,1,False,1.0,GPT2-Zinc-87M+SMC,druglike_qed,1.0,0.9
COCO,True,0.4179983966500295,62.068000000000005,-0.41739999999999994,1,29.46,1,2,False,1.0,GPT2-Zinc-87M+SMC,druglike_qed,1.0,0.9
CCOCCOCC,True,0.5024136978092385,118.176,1.0594000000000001,5,18.46,0,2,False,0.5,GPT2-Zinc-87M+SMC,druglike_qed,1.0,0.9
CCCCCCCCSOCOCCOCCOOCCOCCOCCOC,True,0.06561028466910432,442.61500000000035,3.630200000000003,26,73.84000000000002,0,9,False,0.5,GPT2-Zinc-87M+SMC,druglike_qed,1.0,0.9
CCCCCCCCCCCCCCCC,True,0.3149047241460033,226.44799999999992,6.487600000000007,13,0.0,0,0,False,0.30000000000000004,GPT2-Zinc-87M+SMC,druglike_qed,1.0,0.9
COCCCCCNCCCNNCCN,True,0.2622346362122233,232.37199999999999,-0.16429999999999712,13,71.34,4,5,False,0.2,GPT2-Zinc-87M+SMC,druglike_qed,1.0,0.9
PCOS,True,0.28670939561476294,96.091,0.6803999999999997,1,9.23,1,2,False,0.8571428571428571,GPT2-Zinc-87M+SMC,druglike_qed,1.0,0.9
CNCCCSCCCOCCOCOCCOCCCCCCCCCCCCCCCCCCCCCCCSCCCCCCCCCCCCCCCCCCCCCCCCCCCPOCCCCCCCCCCNCOCCOC,True,0.034675762157481804,1306.206999999999,23.361900000000027,85,88.67000000000002,2,11,False,0.14285714285714285,GPT2-Zinc-87M+SMC,druglike_qed,1.0,0.9
NCCCCOPN,True,0.4191932604341093,136.135,0.20910000000000023,5,61.269999999999996,2,3,False,0.9,GPT2-Zinc-87M+SMC,druglike_qed,1.0,0.9
CCCCCCCCCCCCCCOCC=COCCOCCOCCO,True,0.17623946753888178,402.61600000000027,5.259900000000005,24,57.150000000000006,1,5,False,0.09999999999999999,GPT2-Zinc-87M+SMC,druglike_qed,1.0,0.9
CCCCCCCCOCCOCCOC,True,0.45681670420186504,232.36399999999995,3.0265000000000013,13,27.69,0,3,False,0.7000000000000001,GPT2-Zinc-87M+SMC,druglike_qed,1.0,0.9
CS,True,0.37947717275669157,48.11000000000001,0.546,0,0.0,1,1,False,0.3,GPT2-Zinc-87M+SMC,druglike_qed,1.0,0.9
CN,True,0.3846582089034356,31.058,-0.4251,0,26.02,1,1,False,1.0,GPT2-Zinc-87M+SMC,druglike_qed,1.0,0.9
CCCSOCCOCCOCCOC,True,0.38224866821524034,238.34899999999993,1.7408,12,36.92,0,5,False,0.7142857142857143,GPT2-Zinc-87M+SMC,druglike_qed,1.0,0.9
SCCS,True,0.4420637180486021,94.204,0.8459999999999999,1,0.0,2,2,False,0.2857142857142857,GPT2-Zinc-87M+SMC,druglike_qed,1.0,0.9
COCCOCCCOSOCNS,True,0.24455456111864776,243.35000000000002,1.0277999999999996,11,48.95,2,7,False,1.0,GPT2-Zinc-87M+SMC,druglike_qed,1.0,0.9
CCCCCCCCCCCCCCOCCC,True,0.3209440538301755,256.4739999999999,6.114100000000007,15,9.23,0,1,False,1.0,GPT2-Zinc-87M+SMC,druglike_qed,1.0,0.9
CNCCCOCCl,True,0.44744509751042216,137.61,0.8088,5,21.259999999999998,1,2,False,1.0,GPT2-Zinc-87M+SMC,druglike_qed,1.0,0.9
CCCCCCCCOCCOCCO,True,0.511090621595296,218.33699999999996,2.372400000000001,12,38.69,1,3,False,1.0,GPT2-Zinc-87M+SMC,druglike_qed,1.0,0.9
CNCCONBOCCOCCCCCCPCSCCS,True,0.09802019312713502,384.35699999999997,1.8860999999999994,20,51.75,3,7,False,1.0,GPT2-Zinc-87M+SMC,druglike_qed,1.0,0.9
CCCCCCCCCCCCNPCCCCCCCCCCCC,True,0.13656669792090537,385.66100000000034,9.011300000000002,23,12.03,1,1,False,0.5714285714285714,GPT2-Zinc-87M+SMC,druglike_qed,1.0,0.9
CNCSC,True,0.4973326671437087,91.179,0.5263,2,12.03,1,2,False,0.4285714285714286,GPT2-Zinc-87M+SMC,druglike_qed,1.0,0.9
CCOCCOCCNCNP,True,0.3070619724347768,194.215,-0.033700000000000285,9,42.52,2,4,False,1.0,GPT2-Zinc-87M+SMC,druglike_qed,1.0,0.9
CCCCCCOCOCCOCCOCCO,True,0.3593757349671754,264.3619999999999,1.5828999999999998,15,57.150000000000006,1,5,False,0.33333333333333337,GPT2-Zinc-87M+SMC,druglike_qed,1.0,0.9
CCNCCNCCNCCOC,True,0.4024651128456685,189.30299999999997,-0.5784999999999978,10,45.31999999999999,3,4,False,1.0,GPT2-Zinc-87M+SMC,druglike_qed,1.0,0.9
CCCCCCCCCCCCCCCCCCO,True,0.3290608710763124,270.50099999999986,6.240200000000008,16,20.23,1,1,False,1.0,GPT2-Zinc-87M+SMC,druglike_qed,0.7,0.9
O,True,0.3277476769246249,18.015,-0.8247,0,31.5,0,0,False,1.0,GPT2-Zinc-87M+SMC,druglike_qed,0.7,0.9
BCCCCCCCCCCCCCCCCCCCCCCC,True,0.14612283611395366,336.4570000000001,8.249800000000006,21,0.0,0,0,False,1.0,GPT2-Zinc-87M+SMC,druglike_qed,0.7,0.9
CCCCCC,True,0.4629542813199688,86.178,2.5866000000000007,3,0.0,0,0,False,1.0,GPT2-Zinc-87M+SMC,druglike_qed,0.7,0.9
CCCCCCCCCCCCCCCCCCCCCC,True,0.20895316562946994,310.61,8.828200000000002,19,0.0,0,0,False,1.0,GPT2-Zinc-87M+SMC,druglike_qed,0.7,0.9
CC,True,0.3727855551576051,30.07,1.0262,0,0.0,0,0,False,1.0,GPT2-Zinc-87M+SMC,druglike_qed,0.7,0.9
CCCCCCCCCCCCCC,True,0.3731035838174365,198.39399999999995,5.707400000000006,11,0.0,0,0,False,1.0,GPT2-Zinc-87M+SMC,druglike_qed,0.7,0.9
CCCCCCCCCCCCCCC,True,0.3429502160022288,212.42099999999994,6.097500000000006,12,0.0,0,0,False,0.8333333333333333,GPT2-Zinc-87M+SMC,druglike_qed,0.7,0.9
CCCCCCCCCCCCCCCCCCCCCCCCCCCCC[N+]CCCCCCCCCCCC,True,0.06320800499325559,591.1300000000002,15.064299999999964,39,14.100000000000001,0,0,False,0.16666666666666666,GPT2-Zinc-87M+SMC,druglike_qed,0.7,0.9
B,True,0.28793822605730385,13.835999999999999,-1.1839000000000002,0,0.0,0,0,False,1.0,GPT2-Zinc-87M+SMC,druglike_qed,0.7,0.9
CCCCCCCC,True,0.48061060527513716,114.232,3.3668000000000022,5,0.0,0,0,False,0.375,GPT2-Zinc-87M+SMC,druglike_qed,0.7,0.9
CCCCCCCCCCCCCCCCCCCCCCOS,True,0.12257884400747819,358.67600000000004,8.669700000000002,21,9.23,1,2,False,1.0,GPT2-Zinc-87M+SMC,druglike_qed,0.7,0.9
CCCCCCCCCCCCCCCCCCCC,True,0.23665843587143434,282.5559999999999,8.048000000000007,17,0.0,0,0,False,1.0,GPT2-Zinc-87M+SMC,druglike_qed,0.7,0.9
CCCCCCCCCCCC,True,0.4304643040524984,170.33999999999997,4.9272000000000045,9,0.0,0,0,False,1.0,GPT2-Zinc-87M+SMC,druglike_qed,0.7,0.9
CCOCC,True,0.4752681489358652,74.123,1.0428000000000002,2,9.23,0,1,False,1.0,GPT2-Zinc-87M+SMC,druglike_qed,0.7,0.9
OCCOCCOCCOCCO,True,0.43749139944601423,194.22699999999998,-0.979199999999999,10,68.15,2,5,False,1.0,GPT2-Zinc-87M+SMC,druglike_qed,0.7,0.9
CCCCCCCCCCCOCC,True,0.4444228173857629,200.36599999999996,4.553700000000004,11,9.23,0,1,False,1.0,GPT2-Zinc-87M+SMC,druglike_qed,0.7,0.9
CCCSCC,True,0.49428390702591973,104.21799999999999,2.1494999999999997,3,0.0,0,1,False,1.0,GPT2-Zinc-87M+SMC,druglike_qed,0.7,0.9
COC,True,0.3800398096193344,46.069,0.26260000000000006,0,9.23,0,1,False,0.7000000000000001,GPT2-Zinc-87M+SMC,druglike_qed,0.7,0.9
COCO,True,0.4179983966500295,62.068000000000005,-0.41739999999999994,1,29.46,1,2,False,0.3,GPT2-Zinc-87M+SMC,druglike_qed,0.7,0.9
CCO,True,0.4068079656553945,46.069,-0.0014000000000000123,0,20.23,1,1,False,1.0,GPT2-Zinc-87M+SMC,druglike_qed,0.7,0.9
CCCCCCCCCCCCCCCCCCCCCCCC,True,0.1826494365002578,338.6640000000001,9.608399999999998,21,0.0,0,0,False,0.5,GPT2-Zinc-87M+SMC,druglike_qed,0.7,0.9
CCCCCCCCC,True,0.4777243799437154,128.259,3.7569000000000026,6,0.0,0,0,False,1.0,GPT2-Zinc-87M+SMC,druglike_qed,0.7,0.9
CCCCCCCCCCCCCCCCCCCCCCCCCCCCCCC,True,0.1069018002662766,436.8530000000004,12.33909999999998,28,0.0,0,0,False,1.0,GPT2-Zinc-87M+SMC,druglike_qed,0.7,0.9
SCCS,True,0.4420637180486021,94.204,0.8459999999999999,1,0.0,2,2,False,0.3,GPT2-Zinc-87M+SMC,druglike_qed,0.7,0.9
NCCP,True,0.43153141065764994,77.067,-0.17979999999999996,1,26.02,1,1,False,0.7000000000000001,GPT2-Zinc-87M+SMC,druglike_qed,0.7,0.9
CCCCCCCCP=CNCCCC,True,0.4076931999344947,229.34799999999998,4.4425000000000034,11,12.03,1,0,False,0.3,GPT2-Zinc-87M+SMC,druglike_qed,0.7,0.9
CCCOCC,True,0.474106795831282,88.14999999999999,1.4329,3,9.23,0,1,False,0.6666666666666666,GPT2-Zinc-87M+SMC,druglike_qed,0.7,0.9
CCCCCCCCCCCCP,True,0.3529873934128288,202.32199999999995,4.782400000000006,10,0.0,0,0,False,0.33333333333333337,GPT2-Zinc-87M+SMC,druglike_qed,0.7,0.9
[P-],True,0.34680293054341377,30.974,0.8612,0,0.0,0,0,False,1.0,GPT2-Zinc-87M+SMC,druglike_qed,0.7,0.9
CNCCOCCOCCN,True,0.45865841250040373,162.23299999999998,-0.8022999999999987,8,56.51,2,4,False,0.5555555555555556,GPT2-Zinc-87M+SMC,druglike_qed,0.7,0.9
CCCOCCPCCCNBPOPP,True,0.3216601793487834,300.993,2.3314000000000017,13,30.49,1,3,False,1.0,GPT2-Zinc-87M+SMC,druglike_qed,0.7,0.9
OCCCOCCPP,True,0.47033955721954784,168.113,0.8539999999999996,6,29.46,1,2,False,0.3,GPT2-Zinc-87M+SMC,druglike_qed,0.7,0.9
COCN[P+][P-],True,0.34640674301147556,122.024,1.3665999999999998,3,21.259999999999998,1,2,False,1.0,GPT2-Zinc-87M+SMC,druglike_qed,0.7,0.9
CCCCOP,True,0.391866831500945,106.105,1.5932000000000004,3,9.23,0,1,False,1.0,GPT2-Zinc-87M+SMC,druglike_qed,0.7,0.9
OCO,True,0.3419937935086325,48.041000000000004,-1.0715000000000001,0,40.46,2,2,False,1.0,GPT2-Zinc-87M+SMC,druglike_qed,0.7,0.9
CNCCCCCCNC,True,0.5205721612862301,144.262,0.9855999999999998,7,24.06,2,2,False,0.5,GPT2-Zinc-87M+SMC,druglike_qed,0.7,0.9
CCCCCCCCCCCCCNCCOSCCS,True,0.19662518923787614,335.623,5.481600000000006,18,21.259999999999998,2,4,False,1.0,GPT2-Zinc-87M+SMC,druglike_qed,0.7,0.9
C1CCCCCCCCCCC1,True,0.4923598571755425,168.32399999999998,4.681200000000004,0,0.0,0,0,False,0.3629426144731972,GPT2-Zinc-87M+SMC,druglike_qed,0.7,0.9
CCCCCF,True,0.46561872605695825,90.141,2.1460999999999997,3,0.0,0,0,False,0.25981610934763105,GPT2-Zinc-87M+SMC,druglike_qed,0.7,0.9
P,True,0.3320229224096877,33.998,0.05809999999999993,0,0.0,0,0,False,1.0,GPT2-Zinc-87M+SMC,druglike_qed,0.7,0.9
CCCCCCCCCCCPCP,True,0.347283542185938,234.30399999999995,5.028300000000007,11,0.0,0,0,False,0.25,GPT2-Zinc-87M+SMC,druglike_qed,0.7,0.9
N,True,0.3975550616040572,17.031,0.16199999999999998,0,35.0,1,1,False,1.0,GPT2-Zinc-87M+SMC,druglike_qed,0.7,0.9
CCCCCCCCCCCCCCCCCCOCCC(=O)COCO,True,0.16795415961973797,386.61700000000013,6.190100000000007,23,55.760000000000005,1,4,False,0.4285714285714286,GPT2-Zinc-87M+SMC,druglike_qed,0.7,0.9
CCCCOCCN,True,0.5394964139942425,117.19200000000001,0.7618,5,35.25,1,2,False,1.0,GPT2-Zinc-87M+SMC,druglike_qed,0.7,0.9
CCCCCCCCCCCCCCCCCCCCCCOCO,True,0.15844185396346552,356.6350000000001,7.774700000000008,22,29.46,1,2,False,0.6666666666666666,GPT2-Zinc-87M+SMC,druglike_qed,0.7,0.9
CCCCS,True,0.49025297206668045,90.19099999999999,1.7163,2,0.0,1,1,False,1.0,GPT2-Zinc-87M+SMC,druglike_qed,0.7,0.9
CCSCCO,True,0.5351891500443604,106.19,0.7318,3,20.23,1,2,False,0.5,GPT2-Zinc-87M+SMC,druglike_qed,0.7,0.9
CCCCCCCCCCC(=O)CC,True,0.4724056154574517,198.34999999999997,4.496300000000004,10,17.07,0,1,False,0.5,GPT2-Zinc-87M+SMC,druglike_qed,0.7,0.9
C,True,0.3597849378839701,16.043,0.6361,0,0.0,0,0,False,0.5,GPT2-Zinc-87M+SMC,druglike_qed,0.7,0.9
CP,True,0.3493208255888318,48.025,0.4912999999999999,0,0.0,0,0,False,0.5555555555555555,GPT2-Zinc-87M+SMC,druglike_qed,0.7,0.9
CO,True,0.38528440447384316,32.042,-0.3915,0,20.23,1,1,False,0.4444444444444444,GPT2-Zinc-87M+SMC,druglike_qed,0.7,0.9
COCNPO,True,0.29627215810759466,109.06499999999998,-0.3193000000000001,3,41.489999999999995,2,3,False,0.33333333333333337,GPT2-Zinc-87M+SMC,druglike_qed,0.7,0.9
CCCCCCCCCPC,True,0.38451572124492017,174.268,4.045300000000004,8,0.0,0,0,False,0.4,GPT2-Zinc-87M+SMC,druglike_qed,0.7,0.9
NCCOCCOCCN,True,0.45127772722060017,148.206,-1.0629999999999982,7,70.5,2,4,False,0.4444444444444444,GPT2-Zinc-87M+SMC,druglike_qed,0.7,0.9
